{
  "code": 200,
  "message": "获取成功。数据来自官方/权威源头，以确保稳定与实时。开源地址 https://github.com/vikiboss/60s，反馈群 595941841",
  "data": [
    {
      "rank": 1,
      "title": "MAGA喉舌被枪杀,川普为其降半旗",
      "desc": "美国知名保守派活动人士、特朗普的政治盟友查理·柯克在大学演讲时遭枪击身亡，特朗普下令全美降半旗致哀。",
      "abstract": "美国知名保守派活动人士、特朗普的政治盟友查理·柯克在大学演讲时遭枪击身亡，特朗普下令全美降半旗致哀。",
      "score": 1594980,
      "score_desc": "159.5w",
      "avatar": "https://tiebapic.baidu.com/forum/whfpf%3D84%2C88%2C40%3Bq%3D90/sign=7fd9bdea3ad98d1076815f714702803a/a9d3fd1f4134970a614a3b39d3cad1c8a7865dee.jpg?tbpicau=2025-09-22-05_85ec313083b76eb31917067b6948c007",
      "url": "https://tieba.baidu.com/hottopic/browse/hottopic?topic_id=28344923&amp;topic_name=MAGA%E5%96%89%E8%88%8C%E8%A2%AB%E6%9E%AA%E6%9D%80%2C%E5%B7%9D%E6%99%AE%E4%B8%BA%E5%85%B6%E9%99%8D%E5%8D%8A%E6%97%97"
    },
    {
      "rank": 2,
      "title": "上膛!南理工打响整肃伪拳第一枪",
      "desc": "终于有学校开了个好头，南京理工大学打响了武汉大学事件之后高校反对极端女权的第一枪。国防七子就是不一样，支持南理工！",
      "abstract": "终于有学校开了个好头，南京理工大学打响了武汉大学事件之后高校反对极端女权的第一枪。国防七子就是不一样，支持南理工！",
      "score": 1585575,
      "score_desc": "158.56w",
      "avatar": "https://tiebapic.baidu.com/forum/whfpf%3D84%2C88%2C40%3Bq%3D90/sign=45147a89e20f4bfb8c85cd14657240c4/8b13632762d0f703569980ca4efa513d2697c5f9.jpg?tbpicau=2025-09-22-05_8d101b01ab9f7032a8943a8ad9ad3591",
      "url": "https://tieba.baidu.com/hottopic/browse/hottopic?topic_id=28344934&amp;topic_name=%E4%B8%8A%E8%86%9B%21%E5%8D%97%E7%90%86%E5%B7%A5%E6%89%93%E5%93%8D%E6%95%B4%E8%82%83%E4%BC%AA%E6%8B%B3%E7%AC%AC%E4%B8%80%E6%9E%AA"
    },
    {
      "rank": 3,
      "title": "武大暗中篡改?杨某论文再次上架",
      "desc": "又反转！武汉大学杨某媛“金牌”论文半夜又偷偷重新上架知网，不会是武大偷改好的版本吧，等热度一过就开始岁月史书？",
      "abstract": "又反转！武汉大学杨某媛“金牌”论文半夜又偷偷重新上架知网，不会是武大偷改好的版本吧，等热度一过就开始岁月史书？",
      "score": 1265376,
      "score_desc": "126.54w",
      "avatar": "https://tiebapic.baidu.com/forum/whfpf%3D84%2C88%2C40%3Bq%3D90/sign=e3f59fed7fdbb6fd250eb6666f19932c/8601a18b87d6277f2c00192e6e381f30e924fc92.jpg?tbpicau=2025-09-22-05_8c33e404e8488061ca9169977a762457",
      "url": "https://tieba.baidu.com/hottopic/browse/hottopic?topic_id=28344925&amp;topic_name=%E6%AD%A6%E5%A4%A7%E6%9A%97%E4%B8%AD%E7%AF%A1%E6%94%B9%3F%E6%9D%A8%E6%9F%90%E8%AE%BA%E6%96%87%E5%86%8D%E6%AC%A1%E4%B8%8A%E6%9E%B6"
    },
    {
      "rank": 4,
      "title": "兽王关键吼,XG大逆风翻盘石头人",
      "desc": "落后1W6翻盘，Xxs刷新兽王关键吼，AME巨魔diff水晶。XG1比0石头人，拿下正赛首局，加油！",
      "abstract": "落后1W6翻盘，Xxs刷新兽王关键吼，AME巨魔diff水晶。XG1比0石头人，拿下正赛首局，加油！",
      "score": 893943,
      "score_desc": "89.39w",
      "avatar": "https://tiebapic.baidu.com/forum/whfpf%3D84%2C88%2C40%3Bq%3D90/sign=882897db1466d0167e4ccd68f116ec33/86d6277f9e2f070899cb3e16af24b899a801f2de.jpg?tbpicau=2025-09-22-05_625c74153fe7c84accea9ea76d88097b",
      "url": "https://tieba.baidu.com/hottopic/browse/hottopic?topic_id=28344941&amp;topic_name=%E5%85%BD%E7%8E%8B%E5%85%B3%E9%94%AE%E5%90%BC%2CXG%E5%A4%A7%E9%80%86%E9%A3%8E%E7%BF%BB%E7%9B%98%E7%9F%B3%E5%A4%B4%E4%BA%BA"
    },
    {
      "rank": 5,
      "title": "户圣开炮,安卓旗舰谁敢买?",
      "desc": "户晨风再现逆天言论，苹果17发布，安卓中高端机遭遇灭顶之灾，两千五以上没人买，有能力的一定要给父母换iPhone！",
      "abstract": "户晨风再现逆天言论，苹果17发布，安卓中高端机遭遇灭顶之灾，两千五以上没人买，有能力的一定要给父母换iPhone！",
      "score": 766532,
      "score_desc": "76.65w",
      "avatar": "https://tiebapic.baidu.com/forum/whfpf%3D84%2C88%2C40%3Bq%3D90/sign=0eb028f7692eb938ec3829b2b35fbd01/c8177f3e6709c93d2a9825e1d93df8dcd10054b9.jpg?tbpicau=2025-09-22-05_a331d216b4e47c0049889f880fe693e3",
      "url": "https://tieba.baidu.com/hottopic/browse/hottopic?topic_id=28344926&amp;topic_name=%E6%88%B7%E5%9C%A3%E5%BC%80%E7%82%AE%2C%E5%AE%89%E5%8D%93%E6%97%97%E8%88%B0%E8%B0%81%E6%95%A2%E4%B9%B0%3F"
    },
    {
      "rank": 6,
      "title": "成都诬告偷拍败诉!小叶还能怎?",
      "desc": "成都地铁诬告偷拍案二审维持原判，追风小叶维权失败，吧友锐评温和派的路走到头了。",
      "abstract": "成都地铁诬告偷拍案二审维持原判，追风小叶维权失败，吧友锐评温和派的路走到头了。",
      "score": 663175,
      "score_desc": "66.32w",
      "avatar": "https://tiebapic.baidu.com/forum/whfpf%3D84%2C88%2C40%3Bq%3D90/sign=9b41180f6bf5e0feee4dda413a5d0c9c/8694a4c27d1ed21b65aa39f3eb6eddc451da3f40.jpg?tbpicau=2025-09-22-05_db6b89b7846083172cde82c7146ebddc",
      "url": "https://tieba.baidu.com/hottopic/browse/hottopic?topic_id=28344942&amp;topic_name=%E6%88%90%E9%83%BD%E8%AF%AC%E5%91%8A%E5%81%B7%E6%8B%8D%E8%B4%A5%E8%AF%89%21%E5%B0%8F%E5%8F%B6%E8%BF%98%E8%83%BD%E6%80%8E%3F"
    },
    {
      "rank": 7,
      "title": "绝密飙至60w,盾奶开始泛滥",
      "desc": "三角洲战备猛涨，玩家钱包 “躺平”！那些攥得紧紧、舍不得动的家底，这下不得不掏出来，打工一局倒贴钱，谁顶得住？",
      "abstract": "三角洲战备猛涨，玩家钱包 “躺平”！那些攥得紧紧、舍不得动的家底，这下不得不掏出来，打工一局倒贴钱，谁顶得住？",
      "score": 590856,
      "score_desc": "59.09w",
      "avatar": "https://tiebapic.baidu.com/forum/whfpf%3D84%2C88%2C40%3Bq%3D90/sign=61af83ea3ad98d1076815f714702803a/a9d3fd1f4134970a7f3c0539d3cad1c8a7865d5c.jpg?tbpicau=2025-09-22-05_82bc9423e1e1b97f3c071ce96e1cf7e4",
      "url": "https://tieba.baidu.com/hottopic/browse/hottopic?topic_id=28344936&amp;topic_name=%E7%BB%9D%E5%AF%86%E9%A3%99%E8%87%B360w%2C%E7%9B%BE%E5%A5%B6%E5%BC%80%E5%A7%8B%E6%B3%9B%E6%BB%A5"
    },
    {
      "rank": 8,
      "title": "邓紫棋被扒抢闺蜜男友博上位",
      "desc": "邓紫棋被曝实锤撬闺蜜墙角，硬生生抢走正与闺蜜浓情蜜意的男友魏俊杰。事后为掩人耳目，还接连拉华晨宇、林宥嘉的绯闻来挡枪，一波操作引得舆论炸开了锅，粉丝纷纷 “跑路” 。",
      "abstract": "邓紫棋被曝实锤撬闺蜜墙角，硬生生抢走正与闺蜜浓情蜜意的男友魏俊杰。事后为掩人耳目，还接连拉华晨宇、林宥嘉的绯闻来挡枪，一波操作引得舆论炸开了锅，粉丝纷纷 “跑路” 。",
      "score": 506184,
      "score_desc": "50.62w",
      "avatar": "https://tiebapic.baidu.com/forum/whfpf%3D84%2C88%2C40%3Bq%3D90/sign=4d464c04094a20a4314b6f87f66fa016/30adcbef76094b36a2ff0ffbe5cc7cd98d109db2.jpg?tbpicau=2025-09-22-05_ed8c8f84187ef131dbb94421e614577b",
      "url": "https://tieba.baidu.com/hottopic/browse/hottopic?topic_id=28344937&amp;topic_name=%E9%82%93%E7%B4%AB%E6%A3%8B%E8%A2%AB%E6%89%92%E6%8A%A2%E9%97%BA%E8%9C%9C%E7%94%B7%E5%8F%8B%E5%8D%9A%E4%B8%8A%E4%BD%8D"
    },
    {
      "rank": 9,
      "title": "小红书被掘,薯民赛博戒网瘾",
      "desc": "今天，网信办对小红书平台采取约谈、责令限期改正、警告、从严处理责任人等处置处罚措施。这下薯民们该何去何从？",
      "abstract": "今天，网信办对小红书平台采取约谈、责令限期改正、警告、从严处理责任人等处置处罚措施。这下薯民们该何去何从？",
      "score": 471548,
      "score_desc": "47.15w",
      "avatar": "https://tiebapic.baidu.com/forum/whfpf%3D84%2C88%2C40%3Bq%3D90/sign=51c0d93fc018367aaddc2c9d484eb3e0/bf096b63f6246b60eda2a662adf81a4c510fa27c.jpg?tbpicau=2025-09-22-05_61c56fced5303058de8e34d5f5c2f858",
      "url": "https://tieba.baidu.com/hottopic/browse/hottopic?topic_id=28344940&amp;topic_name=%E5%B0%8F%E7%BA%A2%E4%B9%A6%E8%A2%AB%E6%8E%98%2C%E8%96%AF%E6%B0%91%E8%B5%9B%E5%8D%9A%E6%88%92%E7%BD%91%E7%98%BE"
    },
    {
      "rank": 10,
      "title": "以军喊话轰全球:导弹是不长眼的",
      "desc": "轰炸卡塔尔后以总理喊话全世界，称自己要效仿美国“9·11”事件后的行动，谁敢窝藏恐怖分子，以色列统统揍个遍！",
      "abstract": "轰炸卡塔尔后以总理喊话全世界，称自己要效仿美国“9·11”事件后的行动，谁敢窝藏恐怖分子，以色列统统揍个遍！",
      "score": 415002,
      "score_desc": "41.5w",
      "avatar": "https://tiebapic.baidu.com/forum/whfpf%3D84%2C88%2C40%3Bq%3D90/sign=6e77f03535f082022dc7c27f2dc6c3d9/562c11dfa9ec8a13a01b43f6b103918fa0ecc0a7.jpg?tbpicau=2025-09-22-05_492a74721d2be35b494d022729ab3727",
      "url": "https://tieba.baidu.com/hottopic/browse/hottopic?topic_id=28344938&amp;topic_name=%E4%BB%A5%E5%86%9B%E5%96%8A%E8%AF%9D%E8%BD%B0%E5%85%A8%E7%90%83%3A%E5%AF%BC%E5%BC%B9%E6%98%AF%E4%B8%8D%E9%95%BF%E7%9C%BC%E7%9A%84"
    },
    {
      "rank": 11,
      "title": "照抄还耗时?紫龙延迟补偿抠到爆",
      "desc": "《第七史诗》紫龙又拉了，都25年了居然在白天维护服务器长达11个小时。延长这么久不说，打发玩家2000体力就想当无事发生，最起码补个光暗自选吧？",
      "abstract": "《第七史诗》紫龙又拉了，都25年了居然在白天维护服务器长达11个小时。延长这么久不说，打发玩家2000体力就想当无事发生，最起码补个光暗自选吧？",
      "score": 316800,
      "score_desc": "31.68w",
      "avatar": "https://tiebapic.baidu.com/forum/whfpf%3D84%2C88%2C40%3Bq%3D90/sign=4c344da7c60a19d8cb56d74555c7babf/7a899e510fb30f24c22cf8158e95d143ad4b0375.jpg?tbpicau=2025-09-22-05_ea3299a237a4be90f638d6f54ddfaee7",
      "url": "https://tieba.baidu.com/hottopic/browse/hottopic?topic_id=28344939&amp;topic_name=%E7%85%A7%E6%8A%84%E8%BF%98%E8%80%97%E6%97%B6%3F%E7%B4%AB%E9%BE%99%E5%BB%B6%E8%BF%9F%E8%A1%A5%E5%81%BF%E6%8A%A0%E5%88%B0%E7%88%86"
    },
    {
      "rank": 12,
      "title": "苹果是懂得维护韩男自尊心的",
      "desc": "苹果市场部很懂韩国国情，还特意把新机海报上的敏感手势去掉了。",
      "abstract": "苹果市场部很懂韩国国情，还特意把新机海报上的敏感手势去掉了。",
      "score": 296609,
      "score_desc": "29.66w",
      "avatar": "https://tiebapic.baidu.com/forum/whfpf%3D84%2C88%2C40%3Bq%3D90/sign=16bc6dd6c4025aafd3672d8b9dd09350/10dfa9ec8a136327a57fe925d78fa0ec08fac712.jpg?tbpicau=2025-09-22-05_6d1258c530ad80062d801a0cdf3878c4",
      "url": "https://tieba.baidu.com/hottopic/browse/hottopic?topic_id=28344930&amp;topic_name=%E8%8B%B9%E6%9E%9C%E6%98%AF%E6%87%82%E5%BE%97%E7%BB%B4%E6%8A%A4%E9%9F%A9%E7%94%B7%E8%87%AA%E5%B0%8A%E5%BF%83%E7%9A%84"
    },
    {
      "rank": 13,
      "title": "米家胜!二游大逃杀,原神未滑档",
      "desc": "国内畅销榜上，一众作品竞逐热度之际，《原神》稳居前列，凭独特玩法持续圈粉。网友直言：原神团队定是藏着 “神人”，决策方向始终正确，精准踩中玩家心巴。",
      "abstract": "国内畅销榜上，一众作品竞逐热度之际，《原神》稳居前列，凭独特玩法持续圈粉。网友直言：原神团队定是藏着 “神人”，决策方向始终正确，精准踩中玩家心巴。",
      "score": 210780,
      "score_desc": "21.08w",
      "avatar": "https://tiebapic.baidu.com/forum/whfpf%3D84%2C88%2C40%3Bq%3D90/sign=606b285c9cb44aed591beda4d521bf35/f7246b600c3387440d8b046a170fd9f9d72aa05e.jpg?tbpicau=2025-09-22-05_ac66e09b0535bcca38158c54002fa3c7",
      "url": "https://tieba.baidu.com/hottopic/browse/hottopic?topic_id=28344927&amp;topic_name=%E7%B1%B3%E5%AE%B6%E8%83%9C%21%E4%BA%8C%E6%B8%B8%E5%A4%A7%E9%80%83%E6%9D%80%2C%E5%8E%9F%E7%A5%9E%E6%9C%AA%E6%BB%91%E6%A1%A3"
    },
    {
      "rank": 14,
      "title": "秽土转生失败,动漫之家GG",
      "desc": "动漫之家，终究还是停运了。起初反复刷新，还以为是网络出了问题，没想到它已经走了有一会儿了。这个无数漫迷的 “秘密基地”，如今却在激烈竞争与种种困境中再也回不来了。",
      "abstract": "动漫之家，终究还是停运了。起初反复刷新，还以为是网络出了问题，没想到它已经走了有一会儿了。这个无数漫迷的 “秘密基地”，如今却在激烈竞争与种种困境中再也回不来了。",
      "score": 207264,
      "score_desc": "20.73w",
      "avatar": "https://tiebapic.baidu.com/forum/whfpf%3D84%2C88%2C40%3Bq%3D90/sign=0db5d97a563853438c9ad461f52e884a/bd315c6034a85edfb52ed4350f540923dd547501.jpg?tbpicau=2025-09-22-05_9adff68227c9f67304fffc1a2731d758",
      "url": "https://tieba.baidu.com/hottopic/browse/hottopic?topic_id=28344932&amp;topic_name=%E7%A7%BD%E5%9C%9F%E8%BD%AC%E7%94%9F%E5%A4%B1%E8%B4%A5%2C%E5%8A%A8%E6%BC%AB%E4%B9%8B%E5%AE%B6GG"
    },
    {
      "rank": 15,
      "title": "张本两连败大飞,日男全军覆没",
      "desc": "WTT澳门冠军赛男单1/16决赛，薛飞把张本智和打静音，横扫日乒一哥晋级，至此日本男队全部出局，这下真爆冷了。",
      "abstract": "WTT澳门冠军赛男单1/16决赛，薛飞把张本智和打静音，横扫日乒一哥晋级，至此日本男队全部出局，这下真爆冷了。",
      "score": 179152,
      "score_desc": "17.92w",
      "avatar": "https://tiebapic.baidu.com/forum/whfpf%3D84%2C88%2C40%3Bq%3D90/sign=1be7d7b39743ad4ba67b1580e43f629b/0bd162d9f2d3572cd30bb6cacc13632762d0c33f.jpg?tbpicau=2025-09-22-05_c5e594913af43484029ee1ccf719ee0a",
      "url": "https://tieba.baidu.com/hottopic/browse/hottopic?topic_id=28344933&amp;topic_name=%E5%BC%A0%E6%9C%AC%E4%B8%A4%E8%BF%9E%E8%B4%A5%E5%A4%A7%E9%A3%9E%2C%E6%97%A5%E7%94%B7%E5%85%A8%E5%86%9B%E8%A6%86%E6%B2%A1"
    },
    {
      "rank": 16,
      "title": "拳愿323:抽象的征西派内战",
      "desc": "拳愿奥米迦323话大更：征西派的裂痕与王马的抉择，爱德华回生能力过于劣质，雷庵表现力太逆天，怕不是要成为决赛圈垫脚石？",
      "abstract": "拳愿奥米迦323话大更：征西派的裂痕与王马的抉择，爱德华回生能力过于劣质，雷庵表现力太逆天，怕不是要成为决赛圈垫脚石？",
      "score": 144915,
      "score_desc": "14.49w",
      "avatar": "https://tiebapic.baidu.com/forum/whfpf%3D84%2C88%2C40%3Bq%3D90/sign=65d67ff6b103918fd7846e8a37001ea3/b17eca8065380cd797d28afbe744ad34588281d3.jpg?tbpicau=2025-09-22-05_d45822c1109107fa7baacd2b01fefb61",
      "url": "https://tieba.baidu.com/hottopic/browse/hottopic?topic_id=28344924&amp;topic_name=%E6%8B%B3%E6%84%BF323%3A%E6%8A%BD%E8%B1%A1%E7%9A%84%E5%BE%81%E8%A5%BF%E6%B4%BE%E5%86%85%E6%88%98"
    },
    {
      "rank": 17,
      "title": "TES 3-1踩头WBG,灯皇薇恩送好局",
      "desc": "LPL季后赛，TES对阵WBG。Light薇恩0输出葬送优势局，Kanavi潘森天降弑神，最终TES 3-1 WBG挺进胜决。",
      "abstract": "LPL季后赛，TES对阵WBG。Light薇恩0输出葬送优势局，Kanavi潘森天降弑神，最终TES 3-1 WBG挺进胜决。",
      "score": 108556,
      "score_desc": "10.86w",
      "avatar": "https://tiebapic.baidu.com/forum/whfpf%3D84%2C88%2C40%3Bq%3D90/sign=75e5576c66a446237e9ff622fe1f4a3a/caef76094b36acaf361abbea3ad98d1001e99c29.jpg?tbpicau=2025-09-22-05_dda77f28de2da58e81fcd3b6ff5aaacc",
      "url": "https://tieba.baidu.com/hottopic/browse/hottopic?topic_id=28344917&amp;topic_name=TES%203-1%E8%B8%A9%E5%A4%B4WBG%2C%E7%81%AF%E7%9A%87%E8%96%87%E6%81%A9%E9%80%81%E5%A5%BD%E5%B1%80"
    },
    {
      "rank": 18,
      "title": "师出有名,黄岩岛建立保护区",
      "desc": "字少事大，国务院批复同意新建黄岩岛国家级自然保护区，隔壁菲猴还敢乱来吗？",
      "abstract": "字少事大，国务院批复同意新建黄岩岛国家级自然保护区，隔壁菲猴还敢乱来吗？",
      "score": 98280,
      "score_desc": "9.83w",
      "avatar": "https://tiebapic.baidu.com/forum/whfpf%3D84%2C88%2C40%3Bq%3D90/sign=31dba91375fa828bd176cea39b227900/43a7d933c895d14320aec93535f082025baf07cf.jpg?tbpicau=2025-09-22-05_b0badf07bc38a792ed54b85bb056f5aa",
      "url": "https://tieba.baidu.com/hottopic/browse/hottopic?topic_id=28344916&amp;topic_name=%E5%B8%88%E5%87%BA%E6%9C%89%E5%90%8D%2C%E9%BB%84%E5%B2%A9%E5%B2%9B%E5%BB%BA%E7%AB%8B%E4%BF%9D%E6%8A%A4%E5%8C%BA"
    },
    {
      "rank": 19,
      "title": "9月10日乐子限定",
      "desc": "沪姐大战彩礼女，年轻人为了台苹果机不择手段，来看看昨天都有哪些乐子。",
      "abstract": "沪姐大战彩礼女，年轻人为了台苹果机不择手段，来看看昨天都有哪些乐子。",
      "score": 75660,
      "score_desc": "7.57w",
      "avatar": "https://tiebapic.baidu.com/forum/whfpf%3D84%2C88%2C40%3Bq%3D90/sign=f4c1e0dce951f3dec3e7ea24f2d3c82b/c9fcc3cec3fdfc03fb92cbae923f8794a4c22639.jpg?tbpicau=2025-09-22-05_04534fa7edbe9fa62b6c5170f11f6d42",
      "url": "https://tieba.baidu.com/hottopic/browse/hottopic?topic_id=28344922&amp;topic_name=9%E6%9C%8810%E6%97%A5%E4%B9%90%E5%AD%90%E9%99%90%E5%AE%9A"
    },
    {
      "rank": 20,
      "title": "每天一个宝藏吧——meme图吧",
      "desc": "一个用梗图交流、靠表情包续命的赛博快乐老家，进来一个meme图小白，出去就是万人敬仰的meme图大师！",
      "abstract": "一个用梗图交流、靠表情包续命的赛博快乐老家，进来一个meme图小白，出去就是万人敬仰的meme图大师！",
      "score": 64691,
      "score_desc": "6.47w",
      "avatar": "https://tiebapic.baidu.com/forum/whfpf%3D84%2C88%2C40%3Bq%3D90/sign=366db542454f78f0805ec9b31f0c3261/908fa0ec08fa513deb1747c87b6d55fbb2fbd963.jpg?tbpicau=2025-09-22-05_0f79439d4fa718dccec3909f1093b1a0",
      "url": "https://tieba.baidu.com/hottopic/browse/hottopic?topic_id=28344928&amp;topic_name=%E6%AF%8F%E5%A4%A9%E4%B8%80%E4%B8%AA%E5%AE%9D%E8%97%8F%E5%90%A7%E2%80%94%E2%80%94meme%E5%9B%BE%E5%90%A7"
    },
    {
      "rank": 21,
      "title": "向鹏不敌德国选手,无缘十六强",
      "desc": "在2025年世界乒乓球职业大联盟澳门冠军赛男子单打首轮比赛中，中国选手向鹏2比3不敌德国选手弗朗西斯卡，无缘16强。",
      "abstract": "在2025年世界乒乓球职业大联盟澳门冠军赛男子单打首轮比赛中，中国选手向鹏2比3不敌德国选手弗朗西斯卡，无缘16强。",
      "score": 51010,
      "score_desc": "5.1w",
      "avatar": "https://tiebapic.baidu.com/forum/whfpf%3D84%2C88%2C40%3Bq%3D90/sign=5110a6270c90f60304e5cf075f2f8b2f/91529822720e0cf30c5864ed4c46f21fbe09aa7d.jpg?tbpicau=2025-09-22-05_6494ac6b728dc643d62ecdfec9ffc10f",
      "url": "https://tieba.baidu.com/hottopic/browse/hottopic?topic_id=28344931&amp;topic_name=%E5%90%91%E9%B9%8F%E4%B8%8D%E6%95%8C%E5%BE%B7%E5%9B%BD%E9%80%89%E6%89%8B%2C%E6%97%A0%E7%BC%98%E5%8D%81%E5%85%AD%E5%BC%BA"
    },
    {
      "rank": 22,
      "title": "Faker虐爆许秀,T1险胜DK",
      "desc": "绝境Faker再现！T1 3-2险胜DK，决胜局T1凭借关键团战逆转取胜。",
      "abstract": "绝境Faker再现！T1 3-2险胜DK，决胜局T1凭借关键团战逆转取胜。",
      "score": 47646,
      "score_desc": "4.76w",
      "avatar": "https://tiebapic.baidu.com/forum/whfpf%3D84%2C88%2C40%3Bq%3D90/sign=9d867145b0246b607b5be1348dc52278/55e736d12f2eb938b8df55e493628535e5dd6f71.jpg?tbpicau=2025-09-22-05_a1bfae75faab275c23b0f53a0a5b06ef",
      "url": "https://tieba.baidu.com/hottopic/browse/hottopic?topic_id=28344913&amp;topic_name=Faker%E8%99%90%E7%88%86%E8%AE%B8%E7%A7%80%2CT1%E9%99%A9%E8%83%9CDK"
    },
    {
      "rank": 23,
      "title": "张雪峰愿捐款打台独,媒体狂吠狠批",
      "desc": "张雪峰说打台独自己捐五千万，大象新闻直接来了个大长篇，上来就给一个普通中国人的朴素爱国情怀扣上“鼓吹战争”的帽子，搞媒体的就这种素质？",
      "abstract": "张雪峰说打台独自己捐五千万，大象新闻直接来了个大长篇，上来就给一个普通中国人的朴素爱国情怀扣上“鼓吹战争”的帽子，搞媒体的就这种素质？",
      "score": 40064,
      "score_desc": "4.01w",
      "avatar": "https://tiebapic.baidu.com/forum/whfpf%3D84%2C88%2C40%3Bq%3D90/sign=2e4fc1ec3dcb0a468577d8790d5ece10/00e93901213fb80e595042c170d12f2eb9389426.jpg?tbpicau=2025-09-22-05_6e078e9f935aa244e26346ab37187ee2",
      "url": "https://tieba.baidu.com/hottopic/browse/hottopic?topic_id=28344910&amp;topic_name=%E5%BC%A0%E9%9B%AA%E5%B3%B0%E6%84%BF%E6%8D%90%E6%AC%BE%E6%89%93%E5%8F%B0%E7%8B%AC%2C%E5%AA%92%E4%BD%93%E7%8B%82%E5%90%A0%E7%8B%A0%E6%89%B9"
    },
    {
      "rank": 24,
      "title": "美军压境,委内瑞拉急盼歼10C",
      "desc": "美军F-35A压境加勒比，委内瑞拉方寸大乱，紧急寻求采购歼10C。",
      "abstract": "美军F-35A压境加勒比，委内瑞拉方寸大乱，紧急寻求采购歼10C。",
      "score": 38052,
      "score_desc": "3.81w",
      "avatar": "https://tiebapic.baidu.com/forum/whfpf%3D84%2C88%2C40%3Bq%3D90/sign=90d8a718f73533faf5e3c06eceeec52b/0e2442a7d933c8955843b66d971373f0820200e2.jpg?tbpicau=2025-09-22-05_f8126e747fe76e25cfd9b3d3a75d1d54",
      "url": "https://tieba.baidu.com/hottopic/browse/hottopic?topic_id=28344921&amp;topic_name=%E7%BE%8E%E5%86%9B%E5%8E%8B%E5%A2%83%2C%E5%A7%94%E5%86%85%E7%91%9E%E6%8B%89%E6%80%A5%E7%9B%BC%E6%AD%BC10C"
    },
    {
      "rank": 25,
      "title": "真男人!海贼王龙哥射杀天龙人",
      "desc": "海贼王1160话情报，龙开枪射击天龙人，救下红发双胞胎。昔日流汗王风评反转，龙哥成为海贼最有种的男人。",
      "abstract": "海贼王1160话情报，龙开枪射击天龙人，救下红发双胞胎。昔日流汗王风评反转，龙哥成为海贼最有种的男人。",
      "score": 26682,
      "score_desc": "2.67w",
      "avatar": "https://tiebapic.baidu.com/forum/whfpf%3D84%2C88%2C40%3Bq%3D90/sign=f8cb34fbe5cc7cd9fa7867995f3c190b/a71ea8d3fd1f4134c36e2a68631f95cad1c85e4e.jpg?tbpicau=2025-09-22-05_6853585b745b7349ad45ef38cf6df62f",
      "url": "https://tieba.baidu.com/hottopic/browse/hottopic?topic_id=28344920&amp;topic_name=%E7%9C%9F%E7%94%B7%E4%BA%BA%21%E6%B5%B7%E8%B4%BC%E7%8E%8B%E9%BE%99%E5%93%A5%E5%B0%84%E6%9D%80%E5%A4%A9%E9%BE%99%E4%BA%BA"
    },
    {
      "rank": 26,
      "title": "三角洲免费送点券,玩家争当洲孝子",
      "desc": "三角洲行动周年庆福利拉满，免费送3900三角券。玩家火速倒戈，暂停讨伐制作组，怒赞策划太良心。",
      "abstract": "三角洲行动周年庆福利拉满，免费送3900三角券。玩家火速倒戈，暂停讨伐制作组，怒赞策划太良心。",
      "score": 25255,
      "score_desc": "2.53w",
      "avatar": "https://tiebapic.baidu.com/forum/whfpf%3D84%2C88%2C40%3Bq%3D90/sign=c4d99672d2eef01f4d414b8586c3a111/9345d688d43f8794d4946738941b0ef41bd53ab8.jpg?tbpicau=2025-09-22-05_a2046d59aca4681d2f9495edce4c3b25",
      "url": "https://tieba.baidu.com/hottopic/browse/hottopic?topic_id=28344919&amp;topic_name=%E4%B8%89%E8%A7%92%E6%B4%B2%E5%85%8D%E8%B4%B9%E9%80%81%E7%82%B9%E5%88%B8%2C%E7%8E%A9%E5%AE%B6%E4%BA%89%E5%BD%93%E6%B4%B2%E5%AD%9D%E5%AD%90"
    },
    {
      "rank": 27,
      "title": "以空袭卡塔尔,暗杀哈马斯未得逞",
      "desc": "以色列对身处卡塔尔首都多哈的哈马斯领导层发动所谓精准打击，并证实哈马斯5名成员死于以军空袭，但以方暗杀哈马斯高层的图谋未能得逞。",
      "abstract": "以色列对身处卡塔尔首都多哈的哈马斯领导层发动所谓精准打击，并证实哈马斯5名成员死于以军空袭，但以方暗杀哈马斯高层的图谋未能得逞。",
      "score": 20900,
      "score_desc": "2.09w",
      "avatar": "https://tiebapic.baidu.com/forum/whfpf%3D84%2C88%2C40%3Bq%3D90/sign=5eb82d27673fb80e0c84329750ec171a/314e251f95cad1c8f8d7dd31393e6709c93d51b3.jpg?tbpicau=2025-09-22-05_cf088fe88563cb500e0581d892800736",
      "url": "https://tieba.baidu.com/hottopic/browse/hottopic?topic_id=28344898&amp;topic_name=%E4%BB%A5%E7%A9%BA%E8%A2%AD%E5%8D%A1%E5%A1%94%E5%B0%94%2C%E6%9A%97%E6%9D%80%E5%93%88%E9%A9%AC%E6%96%AF%E6%9C%AA%E5%BE%97%E9%80%9E"
    },
    {
      "rank": 28,
      "title": "局座出山,战忽局要开工了?",
      "desc": "神隐五年之后，被网友戏称“战略忽悠局局长”的军事评论家张召忠重出江湖参加讲座。国际局势风云变幻，战忽局还有市场吗？",
      "abstract": "神隐五年之后，被网友戏称“战略忽悠局局长”的军事评论家张召忠重出江湖参加讲座。国际局势风云变幻，战忽局还有市场吗？",
      "score": 20166,
      "score_desc": "2.02w",
      "avatar": "https://tiebapic.baidu.com/forum/whfpf%3D84%2C88%2C40%3Bq%3D90/sign=c4150e6a170fd9f9a04206294310ec1e/d4628535e5dde711bf0262e0e1efce1b9c1661d7.jpg?tbpicau=2025-09-22-05_f7db127146ec115d51ff7ede6261253e",
      "url": "https://tieba.baidu.com/hottopic/browse/hottopic?topic_id=28344903&amp;topic_name=%E5%B1%80%E5%BA%A7%E5%87%BA%E5%B1%B1%2C%E6%88%98%E5%BF%BD%E5%B1%80%E8%A6%81%E5%BC%80%E5%B7%A5%E4%BA%86%3F"
    },
    {
      "rank": 29,
      "title": "丝之歌光速滑跪,更新补丁降难度",
      "desc": "《空洞骑士：丝之歌》游戏难度逆天差评不断，制作组官宣更新补丁，前期BOSS难度降低、奖励增加。",
      "abstract": "《空洞骑士：丝之歌》游戏难度逆天差评不断，制作组官宣更新补丁，前期BOSS难度降低、奖励增加。",
      "score": 14526,
      "score_desc": "1.45w",
      "avatar": "https://tiebapic.baidu.com/forum/whfpf%3D84%2C88%2C40%3Bq%3D90/sign=420c2d34f51bb0518f71e0685047e280/7acb0a46f21fbe098018e2022d600c338744ad66.jpg?tbpicau=2025-09-22-05_95664e9657ba0ab59a428fd9a3db30b7",
      "url": "https://tieba.baidu.com/hottopic/browse/hottopic?topic_id=28344899&amp;topic_name=%E4%B8%9D%E4%B9%8B%E6%AD%8C%E5%85%89%E9%80%9F%E6%BB%91%E8%B7%AA%2C%E6%9B%B4%E6%96%B0%E8%A1%A5%E4%B8%81%E9%99%8D%E9%9A%BE%E5%BA%A6"
    },
    {
      "rank": 30,
      "title": "倭殖入脑,武大再现逆天论文",
      "desc": "近日，武汉大学又被挖出一篇关于”传统武士道精神下的女性形象“的逆天论文，武汉大学持续发力，吧友吐槽“武大的文科真是奇迹般的存在 ”",
      "abstract": "近日，武汉大学又被挖出一篇关于”传统武士道精神下的女性形象“的逆天论文，武汉大学持续发力，吧友吐槽“武大的文科真是奇迹般的存在 ”",
      "score": 13717,
      "score_desc": "1.37w",
      "avatar": "https://tiebapic.baidu.com/forum/whfpf%3D84%2C88%2C40%3Bq%3D90/sign=71b4b4adc1d6277fe94761784e052704/d8f9d72a6059252d229f3d12729b033b5bb5b918.jpg?tbpicau=2025-09-22-05_71986e04f0934ae41569ea8d11844675",
      "url": "https://tieba.baidu.com/hottopic/browse/hottopic?topic_id=28344905&amp;topic_name=%E5%80%AD%E6%AE%96%E5%85%A5%E8%84%91%2C%E6%AD%A6%E5%A4%A7%E5%86%8D%E7%8E%B0%E9%80%86%E5%A4%A9%E8%AE%BA%E6%96%87"
    }
  ]
}