{
  "code": 200,
  "message": "获取成功。数据来自官方/权威源头，以确保稳定与实时。开源地址 https://github.com/vikiboss/60s，反馈群 595941841",
  "data": [
    {
      "title": "你是什么时候意识到抗日战争很艰难的？",
      "detail": "就不像抗日神剧",
      "cover": "https://picx.zhimg.com/v2-a07a53b2e23887c7a2440cc3f1984122.png",
      "hot_value_desc": "1311 万热度",
      "answer_cnt": 739,
      "follower_cnt": 1739,
      "comment_cnt": 0,
      "created_at": 1622774952000,
      "created": "2021/06/04 10:49:12",
      "link": "https://api.zhihu.com/questions/463076881"
    },
    {
      "title": "为什么中国在很多领域都要求自主研发？",
      "detail": "中国在很多领域都要求自主研发，似乎确认很多东西都有个中国版本，真有这个必要吗？",
      "cover": "https://pic3.zhimg.com/80/v2-bb4dfa56f138980078da003df436e661_hd.png",
      "hot_value_desc": "816 万热度",
      "answer_cnt": 2476,
      "follower_cnt": 12545,
      "comment_cnt": 0,
      "created_at": 1352205751000,
      "created": "2012/11/06 20:42:31",
      "link": "https://api.zhihu.com/questions/20579464"
    }
  ]
}