{
  "code": 200,
  "message": "获取成功。数据来自官方/权威源头，以确保稳定与实时。开源地址 https://github.com/vikiboss/60s，反馈群 595941841",
  "data": [
    {
      "title": "18次阅兵76年逆袭路",
      "link": "https://search.bilibili.com/all?keyword=18%E6%AC%A1%E9%98%85%E5%85%B576%E5%B9%B4%E9%80%86%E8%A2%AD%E8%B7%AF"
    },
    {
      "title": "80年前的今天日本签署投降书",
      "link": "https://search.bilibili.com/all?keyword=80%E5%B9%B4%E5%89%8D%E7%9A%84%E4%BB%8A%E5%A4%A9%E6%97%A5%E6%9C%AC%E7%AD%BE%E7%BD%B2%E6%8A%95%E9%99%8D%E4%B9%A6"
    },
    {
      "title": "九三阅兵具体安排公布",
      "link": "https://search.bilibili.com/all?keyword=%E4%B9%9D%E4%B8%89%E9%98%85%E5%85%B5%E5%85%B7%E4%BD%93%E5%AE%89%E6%8E%92%E5%85%AC%E5%B8%83"
    }
  ]
}