{
  "code": 200,
  "message": "获取成功。数据来自官方/权威源头，以确保稳定与实时。开源地址 https://github.com/vikiboss/60s，反馈群 595941841",
  "data": {
    "list": [
      {
        "rank": 1,
        "maoyan_id": 243,
        "movie_name": "阿凡达",
        "release_year": "2009",
        "box_office": 21200972239,
        "box_office_desc": "212.01亿元"
      },
      {
        "rank": 2,
        "maoyan_id": 248172,
        "movie_name": "复仇者联盟 4：终局之战",
        "release_year": "2019",
        "box_office": 20299852689,
        "box_office_desc": "203亿元"
      },
      {
        "rank": 3,
        "maoyan_id": 78461,
        "movie_name": "阿凡达：水之道",
        "release_year": "2022",
        "box_office": 16825062887,
        "box_office_desc": "168.25亿元"
      },
      {
        "rank": 4,
        "maoyan_id": 267,
        "movie_name": "泰坦尼克号",
        "release_year": "1997",
        "box_office": 16423064756,
        "box_office_desc": "164.23亿元"
      },
      {
        "rank": 5,
        "maoyan_id": 1294273,
        "movie_name": "哪吒之魔童闹海",
        "release_year": "2025",
        "box_office": 15908714214,
        "box_office_desc": "159.09亿元"
      },
      {
        "rank": 6,
        "maoyan_id": 78536,
        "movie_name": "星球大战：原力觉醒",
        "release_year": "2015",
        "box_office": 15019898914,
        "box_office_desc": "150.2亿元"
      },
      {
        "rank": 7,
        "maoyan_id": 248170,
        "movie_name": "复仇者联盟 3：无限战争",
        "release_year": "2018",
        "box_office": 14882882413,
        "box_office_desc": "148.83亿元"
      },
      {
        "rank": 8,
        "maoyan_id": 1254435,
        "movie_name": "蜘蛛侠：英雄无归",
        "release_year": "2021",
        "box_office": 14160042137,
        "box_office_desc": "141.6亿元"
      },
      {
        "rank": 9,
        "maoyan_id": 1479534,
        "movie_name": "头脑特工队 2",
        "release_year": "2024",
        "box_office": 12319141075,
        "box_office_desc": "123.19亿元"
      },
      {
        "rank": 10,
        "maoyan_id": 78602,
        "movie_name": "侏罗纪世界",
        "release_year": "2015",
        "box_office": 12120986621,
        "box_office_desc": "121.21亿元"
      },
      {
        "rank": 11,
        "maoyan_id": 1189879,
        "movie_name": "狮子王",
        "release_year": "2019",
        "box_office": 12051977766,
        "box_office_desc": "120.52亿元"
      },
      {
        "rank": 12,
        "maoyan_id": 262,
        "movie_name": "复仇者联盟",
        "release_year": "2012",
        "box_office": 11026033139,
        "box_office_desc": "110.26亿元"
      },
      {
        "rank": 13,
        "maoyan_id": 78405,
        "movie_name": "速度与激情 7",
        "release_year": "2015",
        "box_office": 10988354292,
        "box_office_desc": "109.88亿元"
      },
      {
        "rank": 14,
        "maoyan_id": 341152,
        "movie_name": "壮志凌云 2：独行侠",
        "release_year": "2022",
        "box_office": 10845892091,
        "box_office_desc": "108.46亿元"
      },
      {
        "rank": 15,
        "maoyan_id": 247949,
        "movie_name": "冰雪奇缘 2",
        "release_year": "2019",
        "box_office": 10541240357,
        "box_office_desc": "105.41亿元"
      },
      {
        "rank": 16,
        "maoyan_id": 344942,
        "movie_name": "芭比",
        "release_year": "2023",
        "box_office": 10493054406,
        "box_office_desc": "104.93亿元"
      },
      {
        "rank": 17,
        "maoyan_id": 78429,
        "movie_name": "复仇者联盟 2：奥创纪元",
        "release_year": "2015",
        "box_office": 10188347873,
        "box_office_desc": "101.88亿元"
      },
      {
        "rank": 18,
        "maoyan_id": 1250896,
        "movie_name": "超级马里奥兄弟大电影",
        "release_year": "2023",
        "box_office": 9868050757,
        "box_office_desc": "98.68亿元"
      },
      {
        "rank": 19,
        "maoyan_id": 341138,
        "movie_name": "黑豹",
        "release_year": "2018",
        "box_office": 9788853998,
        "box_office_desc": "97.89亿元"
      },
      {
        "rank": 20,
        "maoyan_id": 916,
        "movie_name": "哈利・波特与死亡圣器（下）",
        "release_year": "2011",
        "box_office": 9735002643,
        "box_office_desc": "97.35亿元"
      }
    ],
    "tip": "注：内地票房数据实时更新，包括点映及预售票房。港澳台及海外票房为统计数据，每小时更新。汇率采用 2025年1月31日市场汇率，1美元≈7.2514人民币",
    "update_time": "2025/08/19 14:41:34",
    "update_time_at": 1755585694385
  }
}