{
  "code": 200,
  "message": "获取成功。数据来自官方/权威源头，以确保稳定与实时。开源地址 https://github.com/vikiboss/60s，反馈群 595941841",
  "data": [
    {
      "title": "九三阅兵具体安排公布",
      "hot_value": 11821633,
      "cover": "https://p3-sign.douyinpic.com/tos-cn-p-0015/oY1c972B7QzApGweaeQD3fGRo5aLIBrpCAuUSa~noop.jpeg?lk3s=bfd515bb&x-expires=1756735200&x-signature=q01Se46GlLKYNv2klGKP1aM1cT0%3D&from=3218412987",
      "link": "https://www.douyin.com/search/%E4%B9%9D%E4%B8%89%E9%98%85%E5%85%B5%E5%85%B7%E4%BD%93%E5%AE%89%E6%8E%92%E5%85%AC%E5%B8%83",
      "event_time": "2025/09/01 15:20:34",
      "event_time_at": 1756711234,
      "active_time": "2025-09-01 16:46:46",
      "active_time_at": 1756745206000
    },
    {
      "title": "九月第一天",
      "hot_value": 11327170,
      "cover": "https://p3-sign.douyinpic.com/tos-cn-p-0015/oofTvDaDRCSs4hBFEFVJlAI9BBs0faZAc7IpGf~noop.jpeg?lk3s=bfd515bb&x-expires=1756735200&x-signature=otkowVCSglk%2BS3tPrmBQFq6rIDw%3D&from=3218412987",
      "link": "https://www.douyin.com/search/%E4%B9%9D%E6%9C%88%E7%AC%AC%E4%B8%80%E5%A4%A9",
      "event_time": "2025/09/01 07:28:57",
      "event_time_at": 1756682937,
      "active_time": "2025-09-01 16:46:46",
      "active_time_at": 1756745206000
    },
    {
      "title": "遇见上合共享津彩",
      "hot_value": 11222444,
      "cover": "https://p11-sign.douyinpic.com/tos-cn-p-0015/oIJeINhBDBAiHADD4gi9Ae0CGALg1BqWI7vg0i~noop.jpeg?lk3s=bfd515bb&x-expires=1756735200&x-signature=K%2BaEx5p%2BDv%2B1h3RgNnH0Yb9WT%2B8%3D&from=3218412987",
      "link": "https://www.douyin.com/search/%E9%81%87%E8%A7%81%E4%B8%8A%E5%90%88%E5%85%B1%E4%BA%AB%E6%B4%A5%E5%BD%A9",
      "event_time": "2025/09/01 11:46:59",
      "event_time_at": 1756698419,
      "active_time": "2025-09-01 16:46:46",
      "active_time_at": 1756745206000
    },
    {
      "title": "2025年开学第一课铭记与奋斗",
      "hot_value": 11078403,
      "cover": "https://p3-sign.douyinpic.com/tos-cn-p-0015/oA9NgVCRBABg7r70pQue8IzAUlfMaXf3hawOIB~noop.jpeg?lk3s=bfd515bb&x-expires=1756735200&x-signature=3xYeXsD6JpXLDOVp6gYRxrvKFaM%3D&from=3218412987",
      "link": "https://www.douyin.com/search/2025%E5%B9%B4%E5%BC%80%E5%AD%A6%E7%AC%AC%E4%B8%80%E8%AF%BE%E9%93%AD%E8%AE%B0%E4%B8%8E%E5%A5%8B%E6%96%97",
      "event_time": "2025/09/01 11:21:13",
      "event_time_at": 1756696873,
      "active_time": "2025-09-01 16:46:46",
      "active_time_at": 1756745206000
    },
    {
      "title": "石宇奇首夺世锦赛男单冠军",
      "hot_value": 10395092,
      "cover": "https://p11-sign.douyinpic.com/tos-cn-p-0015/oAf9IAlEuyE3lFiogfBuQFl8gDFqAoAHtFDNkE~noop.jpeg?lk3s=bfd515bb&x-expires=1756735200&x-signature=tamoorhMGYhajvpmVNdX0TuUuZM%3D&from=3218412987",
      "link": "https://www.douyin.com/search/%E7%9F%B3%E5%AE%87%E5%A5%87%E9%A6%96%E5%A4%BA%E4%B8%96%E9%94%A6%E8%B5%9B%E7%94%B7%E5%8D%95%E5%86%A0%E5%86%9B",
      "event_time": "2025/09/01 07:47:03",
      "event_time_at": 1756684023,
      "active_time": "2025-09-01 16:46:46",
      "active_time_at": 1756745206000
    },
    {
      "title": "告别信息裸奔 国家网络身份认证来了",
      "hot_value": 10255200,
      "cover": "https://p3-sign.douyinpic.com/tos-cn-p-0015/oskNjrEUQIN9BBRCfeiDTGPE0geX0q6eAAyLr2~noop.jpeg?lk3s=bfd515bb&x-expires=1756735200&x-signature=FrZQSxERPOBd6ktV8K%2Bt%2F3LgJ4A%3D&from=3218412987",
      "link": "https://www.douyin.com/search/%E5%91%8A%E5%88%AB%E4%BF%A1%E6%81%AF%E8%A3%B8%E5%A5%94%20%E5%9B%BD%E5%AE%B6%E7%BD%91%E7%BB%9C%E8%BA%AB%E4%BB%BD%E8%AE%A4%E8%AF%81%E6%9D%A5%E4%BA%86",
      "event_time": "2025/09/01 10:28:41",
      "event_time_at": 1756693721,
      "active_time": "2025-09-01 16:46:46",
      "active_time_at": 1756745206000
    },
    {
      "title": "记录我的开学第一天",
      "hot_value": 9133236,
      "cover": "https://p3-sign.douyinpic.com/tos-cn-p-0015c000-ce/owTXhhk40MlJDQHi8P2B07AviaBqAL0VI9EQi~noop.jpeg?lk3s=bfd515bb&x-expires=1756735200&x-signature=pTEfiV%2FfsmGuQxNllsV8PqT0RYc%3D&from=3218412987",
      "link": "https://www.douyin.com/search/%E8%AE%B0%E5%BD%95%E6%88%91%E7%9A%84%E5%BC%80%E5%AD%A6%E7%AC%AC%E4%B8%80%E5%A4%A9",
      "event_time": "2025/09/01 12:43:33",
      "event_time_at": 1756701813,
      "active_time": "2025-09-01 16:46:46",
      "active_time_at": 1756745206000
    },
    {
      "title": "9月起这些新规开始施行",
      "hot_value": 9105252,
      "cover": "https://p26-sign.douyinpic.com/tos-cn-p-0015/oEE9BseGagtA7JRBmzYA1aRMoCMAeIxfLFY5gA~noop.jpeg?lk3s=bfd515bb&x-expires=1756735200&x-signature=YgH%2BJdVPmi76okIWTRoyEEZ3iDg%3D&from=3218412987",
      "link": "https://www.douyin.com/search/9%E6%9C%88%E8%B5%B7%E8%BF%99%E4%BA%9B%E6%96%B0%E8%A7%84%E5%BC%80%E5%A7%8B%E6%96%BD%E8%A1%8C",
      "event_time": "2025/09/01 11:48:01",
      "event_time_at": 1756698481,
      "active_time": "2025-09-01 16:46:46",
      "active_time_at": 1756745206000
    },
    {
      "title": "李幼斌与李云龙跨时空对话",
      "hot_value": 8998174,
      "cover": "https://p26-sign.douyinpic.com/tos-cn-p-0015/oAarINBoAgRIPi9VTEMIfHeA11nDtF7hRDuGcA~noop.jpeg?lk3s=bfd515bb&x-expires=1756735200&x-signature=3x7yTXHYKiIcnNJjznvZjCw%2FW94%3D&from=3218412987",
      "link": "https://www.douyin.com/search/%E6%9D%8E%E5%B9%BC%E6%96%8C%E4%B8%8E%E6%9D%8E%E4%BA%91%E9%BE%99%E8%B7%A8%E6%97%B6%E7%A9%BA%E5%AF%B9%E8%AF%9D",
      "event_time": "2025/09/01 12:01:05",
      "event_time_at": 1756699265,
      "active_time": "2025-09-01 16:46:46",
      "active_time_at": 1756745206000
    },
    {
      "title": "幼儿园第一天开学哀嚎一片",
      "hot_value": 8962824,
      "cover": "https://p3-sign.douyinpic.com/tos-cn-p-0015/osbXMAQYgIwwpkDCfeiDpGaE0gb9MXfeAAuLV2~noop.jpeg?lk3s=bfd515bb&x-expires=1756735200&x-signature=w1l8V4VvjuO%2BvOvuQkXiEuXYko0%3D&from=3218412987",
      "link": "https://www.douyin.com/search/%E5%B9%BC%E5%84%BF%E5%9B%AD%E7%AC%AC%E4%B8%80%E5%A4%A9%E5%BC%80%E5%AD%A6%E5%93%80%E5%9A%8E%E4%B8%80%E7%89%87",
      "event_time": "2025/09/01 11:05:01",
      "event_time_at": 1756695901,
      "active_time": "2025-09-01 16:46:46",
      "active_time_at": 1756745206000
    },
    {
      "title": "田汉把国歌歌词写烟盒上系谣传",
      "hot_value": 8930615,
      "cover": "https://p3-sign.douyinpic.com/tos-cn-i-0813c001/ogA2AoCCXZMEAGF9f9QAlSACKRgfsC2oAFtIgD~noop.jpeg?lk3s=bfd515bb&x-expires=1756735200&x-signature=7%2F8qsoQJd6TgpAEylOW1VyQrqeY%3D&from=3218412987",
      "link": "https://www.douyin.com/search/%E7%94%B0%E6%B1%89%E6%8A%8A%E5%9B%BD%E6%AD%8C%E6%AD%8C%E8%AF%8D%E5%86%99%E7%83%9F%E7%9B%92%E4%B8%8A%E7%B3%BB%E8%B0%A3%E4%BC%A0",
      "event_time": "2025/09/01 13:51:28",
      "event_time_at": 1756705888,
      "active_time": "2025-09-01 16:46:46",
      "active_time_at": 1756745206000
    },
    {
      "title": "苏超联赛积分榜",
      "hot_value": 8838219,
      "cover": "https://p3-sign.douyinpic.com/tos-cn-p-0015/o4vPLtWIQAaiggBRkQq5kw9ZlIVA0v1iDAILU~noop.jpeg?lk3s=bfd515bb&x-expires=1756735200&x-signature=JJlPUPmWRzT3UPMenizW639pqVg%3D&from=3218412987",
      "link": "https://www.douyin.com/search/%E8%8B%8F%E8%B6%85%E8%81%94%E8%B5%9B%E7%A7%AF%E5%88%86%E6%A6%9C",
      "event_time": "2025/08/31 22:01:53",
      "event_time_at": 1756648913,
      "active_time": "2025-09-01 16:46:46",
      "active_time_at": 1756745206000
    },
    {
      "title": "一切正开始",
      "hot_value": 8609507,
      "cover": "https://p3-sign.douyinpic.com/tos-cn-p-0015c000-ce/o8wN0EuXoETsyMz0ADCFFaAsFFTQeQf9fAublW~noop.jpeg?lk3s=bfd515bb&x-expires=1756735200&x-signature=5I8uLkfpNYrGArQm%2BXLBa81NhYY%3D&from=3218412987",
      "link": "https://www.douyin.com/search/%E4%B8%80%E5%88%87%E6%AD%A3%E5%BC%80%E5%A7%8B",
      "event_time": "2025/09/01 11:56:50",
      "event_time_at": 1756699010,
      "active_time": "2025-09-01 16:46:46",
      "active_time_at": 1756745206000
    },
    {
      "title": "张玉宁为与球迷起冲突致歉",
      "hot_value": 8511631,
      "cover": "https://p11-sign.douyinpic.com/tos-cn-p-0015/oMfoIAFMN5GEWOzpBCDAQfaj7yRArCdByaEUfE~noop.jpeg?lk3s=bfd515bb&x-expires=1756735200&x-signature=59ipMtNxZ8W3R5NNAJamlSOEbPo%3D&from=3218412987",
      "link": "https://www.douyin.com/search/%E5%BC%A0%E7%8E%89%E5%AE%81%E4%B8%BA%E4%B8%8E%E7%90%83%E8%BF%B7%E8%B5%B7%E5%86%B2%E7%AA%81%E8%87%B4%E6%AD%89",
      "event_time": "2025/09/01 07:53:39",
      "event_time_at": 1756684419,
      "active_time": "2025-09-01 16:46:46",
      "active_time_at": 1756745206000
    },
    {
      "title": "这一口会很疯狂",
      "hot_value": 8454971,
      "cover": "https://p26-sign.douyinpic.com/tos-cn-p-0015/oUIozRIBqC0ahA7FimIAmFEBeqDFfZK3Qfo8PE~noop.jpeg?lk3s=bfd515bb&x-expires=1756735200&x-signature=ZBSuTMuu4678gSfReaVIfdK22J8%3D&from=3218412987",
      "link": "https://www.douyin.com/search/%E8%BF%99%E4%B8%80%E5%8F%A3%E4%BC%9A%E5%BE%88%E7%96%AF%E7%8B%82",
      "event_time": "2025/09/01 10:36:16",
      "event_time_at": 1756694176,
      "active_time": "2025-09-01 16:46:46",
      "active_time_at": 1756745206000
    },
    {
      "title": "邓超鹿晗合唱超级英雄",
      "hot_value": 8357197,
      "cover": "https://p11-sign.douyinpic.com/tos-cn-p-0015/oUBPIdtyQx0j8THRZAmZbyATihavQHI0niLIP~noop.jpeg?lk3s=bfd515bb&x-expires=1756735200&x-signature=%2F66dsj8evHN94wNNFCn%2Bfhagee0%3D&from=3218412987",
      "link": "https://www.douyin.com/search/%E9%82%93%E8%B6%85%E9%B9%BF%E6%99%97%E5%90%88%E5%94%B1%E8%B6%85%E7%BA%A7%E8%8B%B1%E9%9B%84",
      "event_time": "2025/09/01 07:45:11",
      "event_time_at": 1756683911,
      "active_time": "2025-09-01 16:46:46",
      "active_time_at": 1756745206000
    },
    {
      "title": "伊萨克加盟利物浦",
      "hot_value": 7963081,
      "cover": "https://p3-sign.douyinpic.com/tos-cn-p-0015/ocAw2yaT4I99iDIPh9I3LaIiLBTnBASvH0Q1a~noop.jpeg?lk3s=bfd515bb&x-expires=1756735200&x-signature=v4Gq0Iz87wyZ6lEYYOnKmaeur%2FM%3D&from=3218412987",
      "link": "https://www.douyin.com/search/%E4%BC%8A%E8%90%A8%E5%85%8B%E5%8A%A0%E7%9B%9F%E5%88%A9%E7%89%A9%E6%B5%A6",
      "event_time": "2025/09/01 09:12:12",
      "event_time_at": 1756689132,
      "active_time": "2025-09-01 16:46:46",
      "active_time_at": 1756745206000
    },
    {
      "title": "山东泰山6:0北京国安",
      "hot_value": 7830358,
      "cover": "https://p9-sign.douyinpic.com/tos-cn-p-0015/ogtA9BEEJZDJ9SgzBBLfFN0AflNDGoIAQ2I8A8~noop.jpeg?lk3s=bfd515bb&x-expires=1756735200&x-signature=gu6O%2BhGDarr%2BHQe1P%2BHo9pUmBGU%3D&from=3218412987",
      "link": "https://www.douyin.com/search/%E5%B1%B1%E4%B8%9C%E6%B3%B0%E5%B1%B16%3A0%E5%8C%97%E4%BA%AC%E5%9B%BD%E5%AE%89",
      "event_time": "2025/08/31 20:32:53",
      "event_time_at": 1756643573,
      "active_time": "2025-09-01 16:46:46",
      "active_time_at": 1756745206000
    },
    {
      "title": "又到开学你包书皮了吗",
      "hot_value": 7828995,
      "cover": "https://p3-sign.douyinpic.com/tos-cn-p-0015/oUAwaPjCIiLAQI6ADQMAm06TBJxPJFAkCpIIi~noop.jpeg?lk3s=bfd515bb&x-expires=1756735200&x-signature=aUkYTtkfaUKbK2DhznXU69sg8SU%3D&from=3218412987",
      "link": "https://www.douyin.com/search/%E5%8F%88%E5%88%B0%E5%BC%80%E5%AD%A6%E4%BD%A0%E5%8C%85%E4%B9%A6%E7%9A%AE%E4%BA%86%E5%90%97",
      "event_time": "2025/08/31 17:04:09",
      "event_time_at": 1756631049,
      "active_time": "2025-09-01 16:46:46",
      "active_time_at": 1756745206000
    },
    {
      "title": "樊振东德甲首秀两连败",
      "hot_value": 7754365,
      "cover": "https://p3-sign.douyinpic.com/tos-cn-p-0015/osOdEdibznClYwP0AABAIZW1eg0gbBmAzjiJfl~noop.jpeg?lk3s=bfd515bb&x-expires=1756735200&x-signature=AyWBGXt%2FFFSp0QBM%2Bd5%2F9B4GPvo%3D&from=3218412987",
      "link": "https://www.douyin.com/search/%E6%A8%8A%E6%8C%AF%E4%B8%9C%E5%BE%B7%E7%94%B2%E9%A6%96%E7%A7%80%E4%B8%A4%E8%BF%9E%E8%B4%A5",
      "event_time": "2025/09/01 07:16:58",
      "event_time_at": 1756682218,
      "active_time": "2025-09-01 16:46:46",
      "active_time_at": 1756745206000
    },
    {
      "title": "为什么说00后的童年含金量高",
      "hot_value": 7735122,
      "cover": "https://p3-sign.douyinpic.com/tos-cn-p-0015/ogOQEQsnAACDBICh7LeFWRGCjeZneIB9I3oVFy~noop.jpeg?lk3s=bfd515bb&x-expires=1756735200&x-signature=Htnqu7SupC%2FmvQpF2DDsLDh5FYA%3D&from=3218412987",
      "link": "https://www.douyin.com/search/%E4%B8%BA%E4%BB%80%E4%B9%88%E8%AF%B400%E5%90%8E%E7%9A%84%E7%AB%A5%E5%B9%B4%E5%90%AB%E9%87%91%E9%87%8F%E9%AB%98",
      "event_time": "2025/08/31 16:38:30",
      "event_time_at": 1756629510,
      "active_time": "2025-09-01 16:46:46",
      "active_time_at": 1756745206000
    },
    {
      "title": "刘宇千年直拍",
      "hot_value": 7734149,
      "cover": "https://p3-sign.douyinpic.com/tos-cn-p-0015c000-ce/ostjBSmQ78E8estIXgFlHQxZQALRFfMepbTJWC~noop.jpeg?lk3s=bfd515bb&x-expires=1756735200&x-signature=CPNw9h%2BpBB82qBykpuT11uMVFjo%3D&from=3218412987",
      "link": "https://www.douyin.com/search/%E5%88%98%E5%AE%87%E5%8D%83%E5%B9%B4%E7%9B%B4%E6%8B%8D",
      "event_time": "2025/08/31 21:39:38",
      "event_time_at": 1756647578,
      "active_time": "2025-09-01 16:46:46",
      "active_time_at": 1756745206000
    },
    {
      "title": "胡塞武装称将对以军袭击发起报复",
      "hot_value": 7728698,
      "cover": "https://p3-sign.douyinpic.com/tos-cn-p-0015/oseWgjCRBAfgft7c3QUm8JGApnYMaWdJdGj0SB~noop.jpeg?lk3s=bfd515bb&x-expires=1756735200&x-signature=fX6AvTWQvNrihcvEraPHjJIS9iY%3D&from=3218412987",
      "link": "https://www.douyin.com/search/%E8%83%A1%E5%A1%9E%E6%AD%A6%E8%A3%85%E7%A7%B0%E5%B0%86%E5%AF%B9%E4%BB%A5%E5%86%9B%E8%A2%AD%E5%87%BB%E5%8F%91%E8%B5%B7%E6%8A%A5%E5%A4%8D",
      "event_time": "2025/09/01 09:40:13",
      "event_time_at": 1756690813,
      "active_time": "2025-09-01 16:46:46",
      "active_time_at": 1756745206000
    },
    {
      "title": "手把手教你手机变车机",
      "hot_value": 7725104,
      "cover": "https://p3-sign.douyinpic.com/tos-cn-p-0015/o47qAXUjDQN6KLr9AjFSCq92ZBf4okAQEfgSAp~noop.jpeg?lk3s=bfd515bb&x-expires=1756735200&x-signature=OoNNciUVTOwZbl17IUYBOjFyBJ4%3D&from=3218412987",
      "link": "https://www.douyin.com/search/%E6%89%8B%E6%8A%8A%E6%89%8B%E6%95%99%E4%BD%A0%E6%89%8B%E6%9C%BA%E5%8F%98%E8%BD%A6%E6%9C%BA",
      "event_time": "2025/09/01 11:15:15",
      "event_time_at": 1756696515,
      "active_time": "2025-09-01 16:46:46",
      "active_time_at": 1756745206000
    },
    {
      "title": "莫迪与普京拥抱手拉手热聊",
      "hot_value": 7723445,
      "cover": "https://p3-sign.douyinpic.com/tos-cn-p-0015/oIaWAojVPLRUILGIyvvg1Sd1ZiLAKiCB6zQIX~noop.jpeg?lk3s=bfd515bb&x-expires=1756735200&x-signature=u1IGnKz%2FAckLe%2BYFCQulFw0ioB8%3D&from=3218412987",
      "link": "https://www.douyin.com/search/%E8%8E%AB%E8%BF%AA%E4%B8%8E%E6%99%AE%E4%BA%AC%E6%8B%A5%E6%8A%B1%E6%89%8B%E6%8B%89%E6%89%8B%E7%83%AD%E8%81%8A",
      "event_time": "2025/09/01 15:38:27",
      "event_time_at": 1756712307,
      "active_time": "2025-09-01 16:46:46",
      "active_time_at": 1756745206000
    },
    {
      "title": "原来猪猪侠搞抽象领先我20年",
      "hot_value": 7706786,
      "cover": "https://p3-sign.douyinpic.com/tos-cn-p-0015/oINGyAfS2oFpfAgF2kYxEJAqTbSeEcgotfxeHv~noop.jpeg?lk3s=bfd515bb&x-expires=1756735200&x-signature=S1Ve0ORP5%2BrHumx%2FK7uJbfm8PbM%3D&from=3218412987",
      "link": "https://www.douyin.com/search/%E5%8E%9F%E6%9D%A5%E7%8C%AA%E7%8C%AA%E4%BE%A0%E6%90%9E%E6%8A%BD%E8%B1%A1%E9%A2%86%E5%85%88%E6%88%9120%E5%B9%B4",
      "event_time": "2025/09/01 10:52:59",
      "event_time_at": 1756695179,
      "active_time": "2025-09-01 16:46:46",
      "active_time_at": 1756745206000
    },
    {
      "title": "北京国安就惨败道歉",
      "hot_value": 7702358,
      "cover": "https://p3-sign.douyinpic.com/tos-cn-p-0015/oYiXICjfn7uEi3AeK6W04BiXu3iBjigAAs9W0B~noop.jpeg?lk3s=bfd515bb&x-expires=1756735200&x-signature=hgh%2Bfy4Ul82LWgXAL2hkIBMEpJM%3D&from=3218412987",
      "link": "https://www.douyin.com/search/%E5%8C%97%E4%BA%AC%E5%9B%BD%E5%AE%89%E5%B0%B1%E6%83%A8%E8%B4%A5%E9%81%93%E6%AD%89",
      "event_time": "2025/09/01 09:21:10",
      "event_time_at": 1756689670,
      "active_time": "2025-09-01 16:46:46",
      "active_time_at": 1756745206000
    },
    {
      "title": "港姐冠军陈咏诗是博士生",
      "hot_value": 7702059,
      "cover": "https://p3-sign.douyinpic.com/tos-cn-p-0015/okoRaMGvQBCI6KmVeBAAQ1eLEg1HK2foQuM7aB~noop.jpeg?lk3s=bfd515bb&x-expires=1756735200&x-signature=5Lattu1v38oeQ8xGdXiDLcK4fwM%3D&from=3218412987",
      "link": "https://www.douyin.com/search/%E6%B8%AF%E5%A7%90%E5%86%A0%E5%86%9B%E9%99%88%E5%92%8F%E8%AF%97%E6%98%AF%E5%8D%9A%E5%A3%AB%E7%94%9F",
      "event_time": "2025/09/01 10:47:23",
      "event_time_at": 1756694843,
      "active_time": "2025-09-01 16:46:46",
      "active_time_at": 1756745206000
    },
    {
      "title": "王楚钦2:3徐瑛彬",
      "hot_value": 7699514,
      "cover": "https://p3-sign.douyinpic.com/tos-cn-p-0015/o00BTIi1ogMR8LBAiQdLmSaIPAuEyIQv1IP48~noop.jpeg?lk3s=bfd515bb&x-expires=1756735200&x-signature=2%2BI5KkQpEugBkQcVCrSLgOtC088%3D&from=3218412987",
      "link": "https://www.douyin.com/search/%E7%8E%8B%E6%A5%9A%E9%92%A62%3A3%E5%BE%90%E7%91%9B%E5%BD%AC",
      "event_time": "2025/08/31 21:21:08",
      "event_time_at": 1756646468,
      "active_time": "2025-09-01 16:46:46",
      "active_time_at": 1756745206000
    },
    {
      "title": "王源 高音",
      "hot_value": 7693290,
      "cover": "https://p26-sign.douyinpic.com/tos-cn-p-0015/oYzDIaQiavwPRBUpanIkjAIWzwLCIgPkAyiOj~noop.jpeg?lk3s=bfd515bb&x-expires=1756735200&x-signature=uXVN6xfkB3tz3iVo0DQuxqeaGk0%3D&from=3218412987",
      "link": "https://www.douyin.com/search/%E7%8E%8B%E6%BA%90%20%E9%AB%98%E9%9F%B3",
      "event_time": "2025/08/31 20:30:04",
      "event_time_at": 1756643404,
      "active_time": "2025-09-01 16:46:46",
      "active_time_at": 1756745206000
    },
    {
      "title": "俄乌在苏贾前线展开阵地争夺",
      "hot_value": 7691808,
      "cover": "https://p9-sign.douyinpic.com/tos-cn-p-0015/oo7iATIG8vA5hIIQBILB4oCgvygsUNzBS1aPi~noop.jpeg?lk3s=bfd515bb&x-expires=1756735200&x-signature=SNzQbbxAJqqtdIkck9kvtRUJnZg%3D&from=3218412987",
      "link": "https://www.douyin.com/search/%E4%BF%84%E4%B9%8C%E5%9C%A8%E8%8B%8F%E8%B4%BE%E5%89%8D%E7%BA%BF%E5%B1%95%E5%BC%80%E9%98%B5%E5%9C%B0%E4%BA%89%E5%A4%BA",
      "event_time": "2025/09/01 12:56:05",
      "event_time_at": 1756702565,
      "active_time": "2025-09-01 16:46:46",
      "active_time_at": 1756745206000
    },
    {
      "title": "范丞丞温柔版一个人的夜变装",
      "hot_value": 7689433,
      "cover": "https://p3-sign.douyinpic.com/tos-cn-p-0015/oAPLWIAoR3CsXgVBuIQIRiTDyS14gaLPwELAi~noop.jpeg?lk3s=bfd515bb&x-expires=1756735200&x-signature=yp9l95J9xlKf55IEP14P7sD7J%2F4%3D&from=3218412987",
      "link": "https://www.douyin.com/search/%E8%8C%83%E4%B8%9E%E4%B8%9E%E6%B8%A9%E6%9F%94%E7%89%88%E4%B8%80%E4%B8%AA%E4%BA%BA%E7%9A%84%E5%A4%9C%E5%8F%98%E8%A3%85",
      "event_time": "2025/09/01 15:32:00",
      "event_time_at": 1756711920,
      "active_time": "2025-09-01 16:46:46",
      "active_time_at": 1756745206000
    },
    {
      "title": "用美食致敬这场胜利",
      "hot_value": 7681826,
      "cover": "https://p11-sign.douyinpic.com/tos-cn-p-0015/oIFcUfHotAXxALhJEj2EK9SBNp0fQwKhAbCgQD~noop.jpeg?lk3s=bfd515bb&x-expires=1756735200&x-signature=Dkuyg5REqCAMEIsp0Dr%2B%2BkAO%2BmQ%3D&from=3218412987",
      "link": "https://www.douyin.com/search/%E7%94%A8%E7%BE%8E%E9%A3%9F%E8%87%B4%E6%95%AC%E8%BF%99%E5%9C%BA%E8%83%9C%E5%88%A9",
      "event_time": "2025/09/01 12:08:24",
      "event_time_at": 1756699704,
      "active_time": "2025-09-01 16:46:46",
      "active_time_at": 1756745206000
    },
    {
      "title": "田曦薇猫猫本体藏不住了",
      "hot_value": 7674729,
      "cover": "https://p11-sign.douyinpic.com/tos-cn-p-0015c000-ce/oceyeLnbxAXFERxnPfLR2egAkYaXeRpHfhAQME~noop.jpeg?lk3s=bfd515bb&x-expires=1756735200&x-signature=omEVZta%2FQeV%2FSBRNZ3%2BJF0iMXPQ%3D&from=3218412987",
      "link": "https://www.douyin.com/search/%E7%94%B0%E6%9B%A6%E8%96%87%E7%8C%AB%E7%8C%AB%E6%9C%AC%E4%BD%93%E8%97%8F%E4%B8%8D%E4%BD%8F%E4%BA%86",
      "event_time": "2025/09/01 14:33:25",
      "event_time_at": 1756708405,
      "active_time": "2025-09-01 16:46:46",
      "active_time_at": 1756745206000
    },
    {
      "title": "少年心气是不可再生之物",
      "hot_value": 7673518,
      "cover": "https://p3-sign.douyinpic.com/tos-cn-i-0813c001/oAUJIWFyAFCmtGpmAADAQis69JogkCFAA0Eqff~noop.jpeg?lk3s=bfd515bb&x-expires=1756735200&x-signature=YHeldSJZXPEBMLF2i%2Bj%2Fc60oKsQ%3D&from=3218412987",
      "link": "https://www.douyin.com/search/%E5%B0%91%E5%B9%B4%E5%BF%83%E6%B0%94%E6%98%AF%E4%B8%8D%E5%8F%AF%E5%86%8D%E7%94%9F%E4%B9%8B%E7%89%A9",
      "event_time": "2025/09/01 07:54:31",
      "event_time_at": 1756684471,
      "active_time": "2025-09-01 16:46:46",
      "active_time_at": 1756745206000
    },
    {
      "title": "南通2:1战胜苏州",
      "hot_value": 7670255,
      "cover": "https://p11-sign.douyinpic.com/tos-cn-p-0015/o4WAaBigTGBaeBgrqm5Kir0Af6DGO0IAF6IQPA~noop.jpeg?lk3s=bfd515bb&x-expires=1756735200&x-signature=uV2f%2FvbzU4Y9DfhXxnPBc3hOAxY%3D&from=3218412987",
      "link": "https://www.douyin.com/search/%E5%8D%97%E9%80%9A2%3A1%E6%88%98%E8%83%9C%E8%8B%8F%E5%B7%9E",
      "event_time": "2025/08/31 18:02:42",
      "event_time_at": 1756634562,
      "active_time": "2025-09-01 16:46:46",
      "active_time_at": 1756745206000
    },
    {
      "title": "起猛了差点以为入冬了",
      "hot_value": 7669368,
      "cover": "https://p3-sign.douyinpic.com/tos-cn-p-0015c000-ce/ogA5HPw1xiIwS2szhaBPMZvC1P0LAPPQAigEZ~noop.jpeg?lk3s=bfd515bb&x-expires=1756735200&x-signature=UQNTgz2vyL2UMvzVj2gzBmPbM2A%3D&from=3218412987",
      "link": "https://www.douyin.com/search/%E8%B5%B7%E7%8C%9B%E4%BA%86%E5%B7%AE%E7%82%B9%E4%BB%A5%E4%B8%BA%E5%85%A5%E5%86%AC%E4%BA%86",
      "event_time": "2025/09/01 14:23:50",
      "event_time_at": 1756707830,
      "active_time": "2025-09-01 16:46:46",
      "active_time_at": 1756745206000
    },
    {
      "title": "终于轮到我围观军训了",
      "hot_value": 7655201,
      "cover": "https://p3-sign.douyinpic.com/tos-cn-p-0015c000-ce/oobwIeLUf4O7iiazJOGAQLZO7DRgCDCBLhI2ez~noop.jpeg?lk3s=bfd515bb&x-expires=1756735200&x-signature=WQn5PvdzvIerbF%2B1iNjF3b6itqQ%3D&from=3218412987",
      "link": "https://www.douyin.com/search/%E7%BB%88%E4%BA%8E%E8%BD%AE%E5%88%B0%E6%88%91%E5%9B%B4%E8%A7%82%E5%86%9B%E8%AE%AD%E4%BA%86",
      "event_time": "2025/08/31 13:09:34",
      "event_time_at": 1756616974,
      "active_time": "2025-09-01 16:46:46",
      "active_time_at": 1756745206000
    },
    {
      "title": "金铲铲陪伴是李现最长情的告白",
      "hot_value": 7653496,
      "cover": "https://p3-sign.douyinpic.com/tos-cn-p-0015c000-ce/oYPAKIM2vpBnPULXOmBbAEac6KzbOhSiILiLP~noop.jpeg?lk3s=bfd515bb&x-expires=1756735200&x-signature=rsA7DcONzMySFGRNa4PMk6ftyBk%3D&from=3218412987",
      "link": "https://www.douyin.com/search/%E9%87%91%E9%93%B2%E9%93%B2%E9%99%AA%E4%BC%B4%E6%98%AF%E6%9D%8E%E7%8E%B0%E6%9C%80%E9%95%BF%E6%83%85%E7%9A%84%E5%91%8A%E7%99%BD",
      "event_time": "2025/08/31 22:58:48",
      "event_time_at": 1756652328,
      "active_time": "2025-09-01 16:46:46",
      "active_time_at": 1756745206000
    },
    {
      "title": "张予曦妈妈不介意女儿谈姐弟恋",
      "hot_value": 7650811,
      "cover": "https://p11-sign.douyinpic.com/tos-cn-p-0015/oEB5A1NsLFeadA9HQoED9TfmQ8jHgUPxACzjw9~noop.jpeg?lk3s=bfd515bb&x-expires=1756735200&x-signature=KF3nedfpt5iPcUZ%2Fv9SyYI0ZSWg%3D&from=3218412987",
      "link": "https://www.douyin.com/search/%E5%BC%A0%E4%BA%88%E6%9B%A6%E5%A6%88%E5%A6%88%E4%B8%8D%E4%BB%8B%E6%84%8F%E5%A5%B3%E5%84%BF%E8%B0%88%E5%A7%90%E5%BC%9F%E6%81%8B",
      "event_time": "2025/08/31 17:44:23",
      "event_time_at": 1756633463,
      "active_time": "2025-09-01 16:46:46",
      "active_time_at": 1756745206000
    },
    {
      "title": "边伯贤也来刀马刀马了",
      "hot_value": 7650164,
      "cover": "https://p3-sign.douyinpic.com/tos-cn-p-0015/ogfBltLZDIGmRGCAseKAeaIBRnQH79gBGOb4kC~noop.jpeg?lk3s=bfd515bb&x-expires=1756735200&x-signature=nLrGTCoyqEGU882IYRhJOStMdpg%3D&from=3218412987",
      "link": "https://www.douyin.com/search/%E8%BE%B9%E4%BC%AF%E8%B4%A4%E4%B9%9F%E6%9D%A5%E5%88%80%E9%A9%AC%E5%88%80%E9%A9%AC%E4%BA%86",
      "event_time": "2025/08/31 13:44:44",
      "event_time_at": 1756619084,
      "active_time": "2025-09-01 16:46:46",
      "active_time_at": 1756745206000
    },
    {
      "title": "金靖演绎甜美女孩",
      "hot_value": 7649913,
      "cover": "https://p11-sign.douyinpic.com/tos-cn-p-0015/o0cBcsRQjiGGFCOOArGzzeIfLBA7FEYojeKwGQ~noop.jpeg?lk3s=bfd515bb&x-expires=1756735200&x-signature=9BY7gGsW39uBcs06t%2BrXTCQ5J5k%3D&from=3218412987",
      "link": "https://www.douyin.com/search/%E9%87%91%E9%9D%96%E6%BC%94%E7%BB%8E%E7%94%9C%E7%BE%8E%E5%A5%B3%E5%AD%A9",
      "event_time": "2025/08/31 19:00:32",
      "event_time_at": 1756638032,
      "active_time": "2025-09-01 16:46:46",
      "active_time_at": 1756745206000
    },
    {
      "title": "一口气看日本如何造出反华体制",
      "hot_value": 7648850,
      "cover": "https://p3-sign.douyinpic.com/tos-cn-p-0015/oUoyIxcAADE55goYWdhBfFF4HACpRIpy9Xse6K~noop.jpeg?lk3s=bfd515bb&x-expires=1756735200&x-signature=xjjRJGl0AzxkaEnOiVrzRx1hoZ8%3D&from=3218412987",
      "link": "https://www.douyin.com/search/%E4%B8%80%E5%8F%A3%E6%B0%94%E7%9C%8B%E6%97%A5%E6%9C%AC%E5%A6%82%E4%BD%95%E9%80%A0%E5%87%BA%E5%8F%8D%E5%8D%8E%E4%BD%93%E5%88%B6",
      "event_time": "2025/08/30 21:50:31",
      "event_time_at": 1756561831,
      "active_time": "2025-09-01 16:46:46",
      "active_time_at": 1756745206000
    },
    {
      "title": "张艺兴真空西装跳狼与美女",
      "hot_value": 7646868,
      "cover": "https://p3-sign.douyinpic.com/tos-cn-p-0015c000-ce/o4YKfLEIEEwo5stfDSFe0s2TFRjxXAAZDCE9Bl~noop.jpeg?lk3s=bfd515bb&x-expires=1756735200&x-signature=gqBuLvszd8eew81uXP8rf7idtog%3D&from=3218412987",
      "link": "https://www.douyin.com/search/%E5%BC%A0%E8%89%BA%E5%85%B4%E7%9C%9F%E7%A9%BA%E8%A5%BF%E8%A3%85%E8%B7%B3%E7%8B%BC%E4%B8%8E%E7%BE%8E%E5%A5%B3",
      "event_time": "2025/08/31 22:12:44",
      "event_time_at": 1756649564,
      "active_time": "2025-09-01 16:46:46",
      "active_time_at": 1756745206000
    },
    {
      "title": "罗永浩对谈脱口秀新王何广智",
      "hot_value": 7644688,
      "cover": "https://p3-sign.douyinpic.com/tos-cn-p-0015/okQ0qo1AKBQP3g981qQA1FEAzGDYjtFFdfYVeD~noop.jpeg?lk3s=bfd515bb&x-expires=1756735200&x-signature=Mg24ss6tlv%2FY%2B%2B9PS5UdijEG1Dw%3D&from=3218412987",
      "link": "https://www.douyin.com/search/%E7%BD%97%E6%B0%B8%E6%B5%A9%E5%AF%B9%E8%B0%88%E8%84%B1%E5%8F%A3%E7%A7%80%E6%96%B0%E7%8E%8B%E4%BD%95%E5%B9%BF%E6%99%BA",
      "event_time": "2025/09/01 13:56:14",
      "event_time_at": 1756706174,
      "active_time": "2025-09-01 16:46:46",
      "active_time_at": 1756745206000
    },
    {
      "title": "周深的刀马刀马好可爱",
      "hot_value": 7644052,
      "cover": "https://p3-sign.douyinpic.com/tos-cn-p-0015/osAPL0laAbWHtEmVBUIKMQDypItTiF3HI0PQi~noop.jpeg?lk3s=bfd515bb&x-expires=1756735200&x-signature=qcK3K8uko38iBuRXDg4uCTaqEPc%3D&from=3218412987",
      "link": "https://www.douyin.com/search/%E5%91%A8%E6%B7%B1%E7%9A%84%E5%88%80%E9%A9%AC%E5%88%80%E9%A9%AC%E5%A5%BD%E5%8F%AF%E7%88%B1",
      "event_time": "2025/08/31 18:31:56",
      "event_time_at": 1756636316,
      "active_time": "2025-09-01 16:46:46",
      "active_time_at": 1756745206000
    },
    {
      "title": "杜克一哥的对话太好哭了",
      "hot_value": 7639907,
      "cover": "https://p3-sign.douyinpic.com/tos-cn-p-0015/oofoeQ9VAPDsphKEAiFQbQwCAEwoQgBpLtBC0A~noop.jpeg?lk3s=bfd515bb&x-expires=1756735200&x-signature=wulyNlwPrSoIJu1JKBdKpE142mA%3D&from=3218412987",
      "link": "https://www.douyin.com/search/%E6%9D%9C%E5%85%8B%E4%B8%80%E5%93%A5%E7%9A%84%E5%AF%B9%E8%AF%9D%E5%A4%AA%E5%A5%BD%E5%93%AD%E4%BA%86",
      "event_time": "2025/08/30 21:17:58",
      "event_time_at": 1756559878,
      "active_time": "2025-09-01 16:46:46",
      "active_time_at": 1756745206000
    },
    {
      "title": "外媒全景记录普京抵华现场",
      "hot_value": 7637541,
      "cover": "https://p3-sign.douyinpic.com/tos-cn-p-0015/oIGC9LxDIQ6QAI1fG1eEipfA2eZjiGInCHFFEJ~noop.jpeg?lk3s=bfd515bb&x-expires=1756735200&x-signature=HiKj%2FiLGiaN2D5GdS5OlAISbGHo%3D&from=3218412987",
      "link": "https://www.douyin.com/search/%E5%A4%96%E5%AA%92%E5%85%A8%E6%99%AF%E8%AE%B0%E5%BD%95%E6%99%AE%E4%BA%AC%E6%8A%B5%E5%8D%8E%E7%8E%B0%E5%9C%BA",
      "event_time": "2025/09/01 11:59:34",
      "event_time_at": 1756699174,
      "active_time": "2025-09-01 16:46:46",
      "active_time_at": 1756745206000
    },
    {
      "title": "赵丽颖工作室明兰代班营业",
      "hot_value": 7635755,
      "cover": "https://p26-sign.douyinpic.com/tos-cn-p-0015c000-ce/oIhHELPBeI6Ieb0A9OpCuWXh0CAAgiuniEweIw~noop.jpeg?lk3s=bfd515bb&x-expires=1756735200&x-signature=xmQOeLdWN4FaeZjFBqtMQuctYv8%3D&from=3218412987",
      "link": "https://www.douyin.com/search/%E8%B5%B5%E4%B8%BD%E9%A2%96%E5%B7%A5%E4%BD%9C%E5%AE%A4%E6%98%8E%E5%85%B0%E4%BB%A3%E7%8F%AD%E8%90%A5%E4%B8%9A",
      "event_time": "2025/08/31 20:52:34",
      "event_time_at": 1756644754,
      "active_time": "2025-09-01 16:46:46",
      "active_time_at": 1756745206000
    }
  ]
}