{
    "code": 200,
    "message": "获取成功。数据来自官方/权威源头，以确保稳定与实时。开源地址 https://github.com/vikiboss/60s，反馈群 595941841",
    "data": [
        {
            "rank": 1,
            "title": "九三阅兵",
            "score": "908.5w",
            "word_type": "热",
            "work_type_icon": "https://picasso-static.xiaohongshu.com/fe-platform/cfd317ff14757c7ede6ef5176ec487589565e49e.png",
            "link": "https://www.xiaohongshu.com/search_result?keyword=%E4%B9%9D%E4%B8%89%E9%98%85%E5%85%B5&type=51"
        },
        {
            "rank": 2,
            "title": "我镜头下的中式建筑美学",
            "score": "872.9w",
            "word_type": "新",
            "work_type_icon": "https://sns-img-qc.xhscdn.com/search/trends/icon/label/new/version/1",
            "link": "https://www.xiaohongshu.com/search_result?keyword=%E6%88%91%E9%95%9C%E5%A4%B4%E4%B8%8B%E7%9A%84%E4%B8%AD%E5%BC%8F%E5%BB%BA%E7%AD%91%E7%BE%8E%E5%AD%A6&type=51"
        },
        {
            "rank": 3,
            "title": "原来人机感才是出片的秘诀",
            "score": "754.4w",
            "word_type": "无",
            "work_type_icon": "",
            "link": "https://www.xiaohongshu.com/search_result?keyword=%E5%8E%9F%E6%9D%A5%E4%BA%BA%E6%9C%BA%E6%84%9F%E6%89%8D%E6%98%AF%E5%87%BA%E7%89%87%E7%9A%84%E7%A7%98%E8%AF%80&type=51"
        },
        {
            "rank": 4,
            "title": "我的二十年航天路",
            "score": "703.9w",
            "word_type": "热",
            "work_type_icon": "https://picasso-static.xiaohongshu.com/fe-platform/cfd317ff14757c7ede6ef5176ec487589565e49e.png",
            "link": "https://www.xiaohongshu.com/search_result?keyword=%E6%88%91%E7%9A%84%E4%BA%8C%E5%8D%81%E5%B9%B4%E8%88%AA%E5%A4%A9%E8%B7%AF&type=51"
        },
        {
            "rank": 5,
            "title": "用横图的方式打开香格里拉",
            "score": "458.5w",
            "word_type": "新",
            "work_type_icon": "https://sns-img-qc.xhscdn.com/search/trends/icon/label/new/version/1",
            "link": "https://www.xiaohongshu.com/search_result?keyword=%E7%94%A8%E6%A8%AA%E5%9B%BE%E7%9A%84%E6%96%B9%E5%BC%8F%E6%89%93%E5%BC%80%E9%A6%99%E6%A0%BC%E9%87%8C%E6%8B%89&type=51"
        },
        {
            "rank": 6,
            "title": "我拍到了苏州丰收的景象",
            "score": "392w",
            "word_type": "无",
            "work_type_icon": "",
            "link": "https://www.xiaohongshu.com/search_result?keyword=%E6%88%91%E6%8B%8D%E5%88%B0%E4%BA%86%E8%8B%8F%E5%B7%9E%E4%B8%B0%E6%94%B6%E7%9A%84%E6%99%AF%E8%B1%A1&type=51"
        },
        {
            "rank": 7,
            "title": "我拍下了960万平方公里的中国",
            "score": "390.7w",
            "word_type": "热",
            "work_type_icon": "https://picasso-static.xiaohongshu.com/fe-platform/cfd317ff14757c7ede6ef5176ec487589565e49e.png",
            "link": "https://www.xiaohongshu.com/search_result?keyword=%E6%88%91%E6%8B%8D%E4%B8%8B%E4%BA%86960%E4%B8%87%E5%B9%B3%E6%96%B9%E5%85%AC%E9%87%8C%E7%9A%84%E4%B8%AD%E5%9B%BD&type=51"
        },
        {
            "rank": 8,
            "title": "12岁冰岛少年的川剧变脸梦",
            "score": "389.7w",
            "word_type": "热",
            "work_type_icon": "https://picasso-static.xiaohongshu.com/fe-platform/cfd317ff14757c7ede6ef5176ec487589565e49e.png",
            "link": "https://www.xiaohongshu.com/search_result?keyword=12%E5%B2%81%E5%86%B0%E5%B2%9B%E5%B0%91%E5%B9%B4%E7%9A%84%E5%B7%9D%E5%89%A7%E5%8F%98%E8%84%B8%E6%A2%A6&type=51"
        },
        {
            "rank": 9,
            "title": "人生总要去一次阿勒泰吧",
            "score": "389.6w",
            "word_type": "新",
            "work_type_icon": "https://sns-img-qc.xhscdn.com/search/trends/icon/label/new/version/1",
            "link": "https://www.xiaohongshu.com/search_result?keyword=%E4%BA%BA%E7%94%9F%E6%80%BB%E8%A6%81%E5%8E%BB%E4%B8%80%E6%AC%A1%E9%98%BF%E5%8B%92%E6%B3%B0%E5%90%A7&type=51"
        },
        {
            "rank": 10,
            "title": "普通人的10年绘画进步史",
            "score": "389.4w",
            "word_type": "无",
            "work_type_icon": "",
            "link": "https://www.xiaohongshu.com/search_result?keyword=%E6%99%AE%E9%80%9A%E4%BA%BA%E7%9A%8410%E5%B9%B4%E7%BB%98%E7%94%BB%E8%BF%9B%E6%AD%A5%E5%8F%B2&type=51"
        },
        {
            "rank": 11,
            "title": "过生日不要忘记反转镜头",
            "score": "389.2w",
            "word_type": "热",
            "work_type_icon": "https://picasso-static.xiaohongshu.com/fe-platform/cfd317ff14757c7ede6ef5176ec487589565e49e.png",
            "link": "https://www.xiaohongshu.com/search_result?keyword=%E8%BF%87%E7%94%9F%E6%97%A5%E4%B8%8D%E8%A6%81%E5%BF%98%E8%AE%B0%E5%8F%8D%E8%BD%AC%E9%95%9C%E5%A4%B4&type=51"
        },
        {
            "rank": 12,
            "title": "低卡又解馋的报恩零食",
            "score": "389.2w",
            "word_type": "无",
            "work_type_icon": "",
            "link": "https://www.xiaohongshu.com/search_result?keyword=%E4%BD%8E%E5%8D%A1%E5%8F%88%E8%A7%A3%E9%A6%8B%E7%9A%84%E6%8A%A5%E6%81%A9%E9%9B%B6%E9%A3%9F&type=51"
        },
        {
            "rank": 13,
            "title": "和爸妈去旅游 我是水印",
            "score": "389w",
            "word_type": "新",
            "work_type_icon": "https://sns-img-qc.xhscdn.com/search/trends/icon/label/new/version/1",
            "link": "https://www.xiaohongshu.com/search_result?keyword=%E5%92%8C%E7%88%B8%E5%A6%88%E5%8E%BB%E6%97%85%E6%B8%B8%20%E6%88%91%E6%98%AF%E6%B0%B4%E5%8D%B0&type=51"
        },
        {
            "rank": 14,
            "title": "一种很新的镜子拍谷法出现了",
            "score": "389w",
            "word_type": "热",
            "work_type_icon": "https://picasso-static.xiaohongshu.com/fe-platform/cfd317ff14757c7ede6ef5176ec487589565e49e.png",
            "link": "https://www.xiaohongshu.com/search_result?keyword=%E4%B8%80%E7%A7%8D%E5%BE%88%E6%96%B0%E7%9A%84%E9%95%9C%E5%AD%90%E6%8B%8D%E8%B0%B7%E6%B3%95%E5%87%BA%E7%8E%B0%E4%BA%86&type=51"
        },
        {
            "rank": 15,
            "title": "二次构图带来的故事感",
            "score": "389w",
            "word_type": "无",
            "work_type_icon": "",
            "link": "https://www.xiaohongshu.com/search_result?keyword=%E4%BA%8C%E6%AC%A1%E6%9E%84%E5%9B%BE%E5%B8%A6%E6%9D%A5%E7%9A%84%E6%95%85%E4%BA%8B%E6%84%9F&type=51"
        },
        {
            "rank": 16,
            "title": "当我在老动画片里找美妆灵感",
            "score": "389w",
            "word_type": "无",
            "work_type_icon": "",
            "link": "https://www.xiaohongshu.com/search_result?keyword=%E5%BD%93%E6%88%91%E5%9C%A8%E8%80%81%E5%8A%A8%E7%94%BB%E7%89%87%E9%87%8C%E6%89%BE%E7%BE%8E%E5%A6%86%E7%81%B5%E6%84%9F&type=51"
        },
        {
            "rank": 17,
            "title": "在蓝调时刻起舞告别夏天",
            "score": "389w",
            "word_type": "热",
            "work_type_icon": "https://picasso-static.xiaohongshu.com/fe-platform/cfd317ff14757c7ede6ef5176ec487589565e49e.png",
            "link": "https://www.xiaohongshu.com/search_result?keyword=%E5%9C%A8%E8%93%9D%E8%B0%83%E6%97%B6%E5%88%BB%E8%B5%B7%E8%88%9E%E5%91%8A%E5%88%AB%E5%A4%8F%E5%A4%A9&type=51"
        },
        {
            "rank": 18,
            "title": "人生建议：去看一次鱼灯巡游",
            "score": "389w",
            "word_type": "无",
            "work_type_icon": "",
            "link": "https://www.xiaohongshu.com/search_result?keyword=%E4%BA%BA%E7%94%9F%E5%BB%BA%E8%AE%AE%EF%BC%9A%E5%8E%BB%E7%9C%8B%E4%B8%80%E6%AC%A1%E9%B1%BC%E7%81%AF%E5%B7%A1%E6%B8%B8&type=51"
        },
        {
            "rank": 19,
            "title": "夜晚的树是大自然送给天空的星星",
            "score": "389w",
            "word_type": "新",
            "work_type_icon": "https://sns-img-qc.xhscdn.com/search/trends/icon/label/new/version/1",
            "link": "https://www.xiaohongshu.com/search_result?keyword=%E5%A4%9C%E6%99%9A%E7%9A%84%E6%A0%91%E6%98%AF%E5%A4%A7%E8%87%AA%E7%84%B6%E9%80%81%E7%BB%99%E5%A4%A9%E7%A9%BA%E7%9A%84%E6%98%9F%E6%98%9F&type=51"
        },
        {
            "rank": 20,
            "title": "欢迎收看老师开学的一天",
            "score": "389w",
            "word_type": "无",
            "work_type_icon": "",
            "link": "https://www.xiaohongshu.com/search_result?keyword=%E6%AC%A2%E8%BF%8E%E6%94%B6%E7%9C%8B%E8%80%81%E5%B8%88%E5%BC%80%E5%AD%A6%E7%9A%84%E4%B8%80%E5%A4%A9&type=51"
        }
    ]
}