{
  "code": 200,
  "message": "获取成功。数据来自官方/权威源头，以确保稳定与实时。开源地址 https://github.com/vikiboss/60s，反馈群 595941841",
  "data": {
    "id": 11,
    "question": "输出是什么？",
    "code": "function Person(firstName, lastName) {\n  this.firstName = firstName;\n  this.lastName = lastName;\n}\n\nconst member = new Person(\"Lydia\", \"Hallie\");\nPerson.getFullName = function () {\n  return `${this.firstName} ${this.lastName}`;\n}\n\nconsole.log(member.getFullName());",
    "options": [
      "A: `TypeError`",
      "B: `SyntaxError`",
      "C: `Lydia Hallie`",
      "D: `undefined` `undefined`"
    ],
    "answer": "A",
    "explanation": "你不能像常规对象那样，给构造函数添加属性。如果你想一次性给所有实例添加特性，你应该使用原型。因此本例中，使用如下方式：\n\n```js\nPerson.prototype.getFullName = function () {\n  return `${this.firstName} ${this.lastName}`;\n}\n```\n\n这才会使 `member.getFullName()` 起作用。为什么这么做有益的？假设我们将这个方法添加到构造函数本身里。也许不是每个 `Person` 实例都需要这个方法。这将浪费大量内存空间，因为它们仍然具有该属性，这将占用每个实例的内存空间。相反，如果我们只将它添加到原型中，那么它只存在于内存中的一个位置，但是所有实例都可以访问它！"
  }
}