{
  "code": 200,
  "message": "获取成功。数据来自官方/权威源头，以确保稳定与实时。开源地址 https://github.com/vikiboss/60s，反馈群 595941841",
  "data": {
    "hex": "#A59619",
    "name": "红色系",
    "rgb": {
      "r": 165,
      "g": 150,
      "b": 25,
      "string": "rgb(165, 150, 25)"
    },
    "hsl": {
      "h": 54,
      "s": 74,
      "l": 37,
      "string": "hsl(54, 74%, 37%)"
    },
    "hsv": {
      "h": 54,
      "s": 85,
      "v": 65,
      "string": "hsv(54, 85%, 65%)"
    },
    "cmyk": {
      "c": 0,
      "m": 9,
      "y": 85,
      "k": 35,
      "string": "cmyk(0%, 9%, 85%, 35%)"
    },
    "lab": {
      "l": 62,
      "a": -7,
      "b": 61,
      "string": "lab(62, -7, 61)"
    },
    "brightness": 140.235,
    "contrast": {
      "white": 3.01,
      "black": 6.98
    },
    "accessibility": {
      "aa_normal": true,
      "aa_large": true,
      "aaa_normal": false,
      "aaa_large": true,
      "best_text_color": "#000000"
    },
    "complementary": "#1926A4",
    "analogous": [
      "#A45019",
      "#6CA419"
    ],
    "triadic": [
      "#19A496",
      "#9619A4"
    ]
  }
}