{
  "code": 200,
  "message": "获取成功。数据来自官方/权威源头，以确保稳定与实时。开源地址 https://github.com/vikiboss/60s，反馈群 595941841",
  "data": {
    "location": {
      "province": "北京",
      "city": "北京",
      "town": "北京",
      "formatted": "北京",
      "location_id": "101010100",
      "detail_url": "http://www.weather.com.cn/weather/101010100.shtml",
      "is_province": true,
      "is_city": false,
      "is_town": false,
      "area_code": "10",
      "zip_code": "100000"
    },
    "realtime": {
      "weather": "晴转雷阵雨",
      "weather_desc": "未知",
      "weather_code": "d0",
      "temperature": 999,
      "temperature_feels_like": 75.6,
      "humidity": 63,
      "wind_direction": "南风",
      "wind_strength": "3-4级转\u003C3级",
      "wind_speed": "1km/h",
      "pressure": 1006,
      "visibility": "21km",
      "aqi": 41,
      "pm25": 41,
      "rainfall": 0,
      "rainfall_24h": 0,
      "updated": "2025-09-08 08:00:00",
      "updated_at": "20:30",
      "life_index": {
        "comfort": {
          "level": "舒适",
          "desc": "白天温度宜人，风力不大。"
        },
        "clothing": {
          "level": "舒适",
          "desc": "建议穿长袖衬衫单裤等服装。"
        },
        "umbrella": {
          "level": "带伞",
          "desc": "有降水，短时间出行不必带伞。"
        },
        "uv": {
          "level": "最弱",
          "desc": "辐射弱，涂擦SPF8-12防晒护肤品。"
        },
        "car_wash": {
          "level": "不宜",
          "desc": "有雨，雨水和泥水会弄脏爱车。"
        },
        "travel": {
          "level": "一般",
          "desc": "可能有雷暴，外出请尽量避开降雨时段。"
        },
        "sport": {
          "level": "较不宜",
          "desc": "有降水，推荐您在室内进行休闲运动。"
        }
      }
    }
  }
}