{
    "code": 200,
    "message": "获取成功。数据来自官方/权威源头，以确保稳定与实时。开源地址 https://github.com/vikiboss/60s，反馈群 595941841",
    "data": [
        {
            "rank": 1,
            "title": "子夜归",
            "desc": "改编自扶华的小说《梅夫人宠夫日常》。",
            "score": "511898",
            "score_desc": "51.19w",
            "cover": "https://gips2.baidu.com/it/u=2155452125,2802752464&fm=3028&app=3028&f=JPEG&fmt=auto&q=100&size=f200_266",
            "url": "https://www.baidu.com/s?wd=%E5%AD%90%E5%A4%9C%E5%BD%92+%E7%94%B5%E8%A7%86%E5%89%A7&sa=fyb_teleplay_all_all&rsv_dl=fyb_teleplay_all_all"
        },
        {
            "rank": 2,
            "title": "献鱼",
            "desc": "该剧改编自扶华的小说《向师祖献上咸鱼》,由浙江东阳奔兔影业有限公司备案。主要讲述了多年前,一位高僧曾在庚辰仙府的大魔头师祖司马焦满是血腥杀戮的未来里窥见过一线生机,给他留下一枚佛珠,希望他对生灵有慈心,能将杀心归藏。后来,被“逼上梁山”的廖停雁接受挑战,两手用力直接扯断了红线木珠,依靠咸鱼的本能降服了司马焦,成为改变他的人,也成为了黎民苍生的生机。从此廖停雁开始了引导大魔头向善的任务。",
            "score": "334613",
            "score_desc": "33.46w",
            "cover": "https://fyb-2.cdn.bcebos.com/hotboard_image/74230ae3ec03042a352809630060ed6b",
            "url": "https://www.baidu.com/s?wd=%E7%8C%AE%E9%B1%BC+%E7%94%B5%E8%A7%86%E5%89%A7&sa=fyb_teleplay_all_all&rsv_dl=fyb_teleplay_all_all"
        },
        {
            "rank": 3,
            "title": "锦月如歌",
            "desc": "该剧改编自千山茶客的小说《女将星》。",
            "score": "261451",
            "score_desc": "26.15w",
            "cover": "https://gips1.baidu.com/it/u=1353858050,567139191&fm=3028&app=3028&f=JPEG&fmt=auto&q=100&size=f200_266",
            "url": "https://www.baidu.com/s?wd=%E9%94%A6%E6%9C%88%E5%A6%82%E6%AD%8C+%E7%94%B5%E8%A7%86%E5%89%A7&sa=fyb_teleplay_all_all&rsv_dl=fyb_teleplay_all_all"
        },
        {
            "rank": 4,
            "title": "生万物",
            "desc": "天牛庙村首富之女宁绣绣出嫁当天被土匪绑架,父亲宁学祥舍不得卖地赎她,将她的妹妹嫁给她青梅竹马的恋人费文典。绣绣决绝地与父亲断绝了关系,嫁给庄户汉子封大脚,学着干农活并慢慢明白了土地对于农民的意义。受杜春林等人的革命思想的启发,她用所学的知识帮助邻居们,带领村里的妇女一起摆脱封建思想桎梏。她和乡亲们一起除匪患、抗日、拥军,在清苦但又充满传奇的二十年岁月中,绣绣最终和她父亲达成了和解,也实现了自我价值。",
            "score": "246220",
            "score_desc": "24.62w",
            "cover": "https://fyb-2.cdn.bcebos.com/hotboard_image/956386852c3948e1539daf2a9e8316c5",
            "url": "https://www.baidu.com/s?wd=%E7%94%9F%E4%B8%87%E7%89%A9+%E7%94%B5%E8%A7%86%E5%89%A7&sa=fyb_teleplay_all_all&rsv_dl=fyb_teleplay_all_all"
        },
        {
            "rank": 5,
            "title": "归队",
            "desc": "故事遵循东北抗联的真实发展轨迹,由小人物视角切入,以小见大的展现了战士们“勇赴国难、自觉担当、顽强苦斗、舍生取义、团结御侮”的东北抗联精神。",
            "score": "174373",
            "score_desc": "17.44w",
            "cover": "https://fyb-2.cdn.bcebos.com/hotboard_image/41092aaebdbee0a4a9382c182b913f99",
            "url": "https://www.baidu.com/s?wd=%E5%BD%92%E9%98%9F+%E7%94%B5%E8%A7%86%E5%89%A7&sa=fyb_teleplay_all_all&rsv_dl=fyb_teleplay_all_all"
        },
        {
            "rank": 6,
            "title": "滤镜",
            "desc": "一个新科技产品“滤镜手镯”让普通平凡的苏橙橙（李兰迪 饰）拥有了改变容貌的能力。苏橙橙变成大美女“苏渺”、变成女博士“方谨”、变成撕漫男“全胜唐”，让自己咸鱼翻身爽了一把的同时，帮助弱小伸张正义。与此同时，唐奇（檀健次 饰）对见义勇为的苏渺怦然心动，与志同道合的方谨惺惺相惜，对阳光帅气的全胜唐欣赏称赞。为了保住秘密，苏橙橙不得不一次次撒下弥天大谎，让唐奇一次又一次失去了爱人。唐奇在接连的打击下，眼睛的病情逐渐加重，苏橙橙愧疚心虚。终于，唐奇揭开了苏橙橙变换身份的真相，明白自己爱的只有苏橙橙。真诚炙热的心不会被外在迷惑，心意相通的二人要一起面对滤镜手镯带来的严峻挑战。为了将“千鸟集”培育为独具中国特色的高端美妆品牌，苏橙橙和唐奇携手策划了一系列新的国货美妆产品，号召大家享受“自然自信的真实美”。经历重重考验的苏橙橙最终明白，美不应该被单一固化，要用最真实的自己去面对最现实的生活，依靠努力奋斗去追逐梦想，幸福就在眼前。",
            "score": "93122",
            "score_desc": "9.31w",
            "cover": "https://gips2.baidu.com/it/u=3795500355,4042026657&fm=3028&app=3028&f=JPEG&fmt=auto&q=75&size=f200_266",
            "url": "https://www.baidu.com/s?wd=%E6%BB%A4%E9%95%9C+%E7%94%B5%E8%A7%86%E5%89%A7&sa=fyb_teleplay_all_all&rsv_dl=fyb_teleplay_all_all"
        },
        {
            "rank": 7,
            "title": "与晋长安",
            "desc": "该剧改编自九鹭非香的同名小说。太晋女将军黎霜骁勇善战,她受命在一个月之内找出隐藏的奸细。某日,黎霜偶然间救下身负重伤记忆全失的男子,将其带回军营。男子恳求黎霜收留并跟随她征战。黎霜为其赐名晋安,寓意太晋长治久安。二人合力揪出奸细,却接连遭遇新任监军的蓄意为难和邻国大姚的屡屡犯境,晋安凭借自己过人的智谋与黎霜一起克服困难与险境,二人暗生情愫。晋安逐渐想起自己的真实身份竟是大姚的镇世王,而彼时战事一触即发,二人不得已刀兵相见,本就厌倦战争的二人决定联手化解家国危机,帮助百姓安居乐业。",
            "score": "63645",
            "score_desc": "6.36w",
            "cover": "https://fyb-2.cdn.bcebos.com/hotboard_image/f9e7c5bfe847536bca743e3e397b7bff",
            "url": "https://www.baidu.com/s?wd=%E4%B8%8E%E6%99%8B%E9%95%BF%E5%AE%89+%E7%94%B5%E8%A7%86%E5%89%A7&sa=fyb_teleplay_all_all&rsv_dl=fyb_teleplay_all_all"
        },
        {
            "rank": 8,
            "title": "暗潮缉凶",
            "desc": "",
            "score": "56675",
            "score_desc": "5.67w",
            "cover": "https://fyb-2.cdn.bcebos.com/hotboard_image/52c73cc7cd55674511becbabd16aca37",
            "url": "https://www.baidu.com/s?wd=%E6%9A%97%E6%BD%AE%E7%BC%89%E5%87%B6+%E7%94%B5%E8%A7%86%E5%89%A7&sa=fyb_teleplay_all_all&rsv_dl=fyb_teleplay_all_all"
        },
        {
            "rank": 9,
            "title": "深情眼",
            "desc": "改编自耳东兔子的同名小说。年过三十的叶蒙遭遇职场不顺,辞职后带着积蓄回到家乡开启惬意的小镇生活,机缘巧合之下,她偶遇了长着一双深情眼的李靳屿,并被他的神秘和冷峻吸引。两个陌生的灵魂不断触碰,叶蒙因李靳屿的艰辛生活而心生怜爱,热情主动地给予帮助;李靳屿也在叶蒙的追求下敞开了心扉,变得自信开朗起来。他们相互温暖、相互治愈,努力经营着这段来之不易的爱情。一枚戒指的到来打破了两人之间的平静,叶蒙母亲多年前患病去世的谜团缓缓浮出水面,叶蒙不得不面对残酷的真相--母亲的离去与李靳屿家有着千丝万缕的联系。此时李靳屿内心的天平早已偏向叶漾,叶蒙给他带来了阳光,现在轮到他来帮助叶蒙解开心结。最终,两人携手揭开上一辈的纠葛,放下过往恩怨,迎接美好的明天。",
            "score": "56341",
            "score_desc": "5.63w",
            "cover": "https://fyb-2.cdn.bcebos.com/hotboard_image/f09c4b963cd3cc3062d38e9182be750e",
            "url": "https://www.baidu.com/s?wd=%E6%B7%B1%E6%83%85%E7%9C%BC+%E7%94%B5%E8%A7%86%E5%89%A7&sa=fyb_teleplay_all_all&rsv_dl=fyb_teleplay_all_all"
        },
        {
            "rank": 10,
            "title": "定风波",
            "desc": "《定风波》聚焦宋韵文化传承传播,围绕诗文、书画、美食、旅游、民生等主题,多维度描绘苏东坡的为官之道、志趣审美和精神世界,深入解读苏东坡的当代价值。全片共5集,每集50分钟。第一集“出川记”讲述苏东坡的成长与家风,建构其人生起始动力,探索其后来到杭州的动因;第二集“湖山记”讲述苏东坡首次为官杭州,受到湖山的滋养,实现真正的“胸有丘壑”;第三集“摩羯记”讲述苏东坡应对乌台诗案带来的种种影响,以乐观精神渡过人生的劫难;第四集“悬壶记”讲述苏东坡二度为官杭州,负责防疫,建安乐坊以及重新治理西湖;第五集“筑巢记”讲述苏东坡济苍生、度余生,保持“此心安处是吾乡”的人生态度。",
            "score": "51095",
            "score_desc": "5.11w",
            "cover": "https://gips0.baidu.com/it/u=2177619972,3043234332&fm=3028&app=3028&f=JPEG&fmt=auto&q=100&size=f200_266",
            "url": "https://www.baidu.com/s?wd=%E5%AE%9A%E9%A3%8E%E6%B3%A2+%E7%94%B5%E8%A7%86%E5%89%A7&sa=fyb_teleplay_all_all&rsv_dl=fyb_teleplay_all_all"
        },
        {
            "rank": 11,
            "title": "白月梵星",
            "desc": "本剧改编自星零小说《白烁上神》,讲述将军府嫡女白烁为报恩而立志修仙,寻仙途中意外搭救妖族大神梵樾,二人不打不相识,从相互利用到互生爱意、双向奔赴,纵然隔着千重困难,但爱足以打破一切限制,拥抱最真的彼此的故事。",
            "score": "44201",
            "score_desc": "4.42w",
            "cover": "https://gips3.baidu.com/it/u=1404661215,4211295377&fm=3028&app=3028&f=JPEG&fmt=auto&q=75&size=f200_266",
            "url": "https://www.baidu.com/s?wd=%E7%99%BD%E6%9C%88%E6%A2%B5%E6%98%9F+%E7%94%B5%E8%A7%86%E5%89%A7&sa=fyb_teleplay_all_all&rsv_dl=fyb_teleplay_all_all"
        },
        {
            "rank": 12,
            "title": "我在顶峰等你",
            "desc": "上一世,顾雪茭曾因恋爱脑而高考失利,职场打拼多年,归来仍是底层外包人员,还首当其冲地成为了“黑心老板”蔺之华的裁员目标。顾雪茭找蔺之华理论,意外重生回到高三那年。有机会重新开局,顾雪茭吸取前世教训,痛定思痛,将学习作为人生第一要务,由恋爱脑扭转为事业脑,在爆改人生的同时,还共同成就一段双向奔赴、互为变量的甜美爱情。",
            "score": "37003",
            "score_desc": "3.7w",
            "cover": "https://gips2.baidu.com/it/u=3240531593,2885940403&fm=3028&app=3028&f=JPEG&fmt=auto&q=100&size=f200_266",
            "url": "https://www.baidu.com/s?wd=%E6%88%91%E5%9C%A8%E9%A1%B6%E5%B3%B0%E7%AD%89%E4%BD%A0+%E7%94%B5%E8%A7%86%E5%89%A7&sa=fyb_teleplay_all_all&rsv_dl=fyb_teleplay_all_all"
        },
        {
            "rank": 13,
            "title": "六姊妹",
            "desc": "本剧改编自豆瓣阅读连载小说《六姊妹》，作者伊北。新中国成立后，何常胜为支援社会主义建设，携家带口从扬州江都移居安徽淮南，在淮河边上扎下了根。在接下来的二十年中，何常胜连得六个女儿，却在一场车祸中告别人世。大姐何家丽和奶奶何文氏、妈妈刘美心一起承担起了家庭重担，安顿妹妹们成家立业。时代在变化，何家六姊妹也经历了婚恋、工 作、生活等命运起伏，但她们团结一心，共同面对人生的风雨，在生活的磨砺中，六姊妹们也终于明白父亲生前反复强调的“家”的意义。",
            "score": "36574",
            "score_desc": "3.66w",
            "cover": "https://fyb-2.cdn.bcebos.com/hotboard_image/9e517a4f66e7fb7106b6333b85f1a5c1",
            "url": "https://www.baidu.com/s?wd=%E5%85%AD%E5%A7%8A%E5%A6%B9+%E7%94%B5%E8%A7%86%E5%89%A7&sa=fyb_teleplay_all_all&rsv_dl=fyb_teleplay_all_all"
        },
        {
            "rank": 14,
            "title": "扫毒风暴",
            "desc": "1995年,缉毒警林强峰(段奕宏 饰)为了追查毒品的线索调到了西港缉毒支队工作。走私商刘少华(秦昊 饰)因偶然的机会接触到了冰毒,毒品带来的巨大利润让他产生邪念,成为了一名制毒师。在林强峰等缉毒警的全力追查下,西港市的涉案的毒贩们一一落网,只剩刘少华在别处鼠窜,企图躲避警方追捕。 1996年,林强峰再次查没了企图东山再起的刘少华的毒品,走投无路的刘少华只能蛰伏了起来,之后刘少华企图再次制毒,被林强峰发现踪迹。1999年,刘少华终于落网。",
            "score": "32911",
            "score_desc": "3.29w",
            "cover": "https://fyb-2.cdn.bcebos.com/hotboard_image/d9e3d21ca332652ffe75d7176bce397f",
            "url": "https://www.baidu.com/s?wd=%E6%89%AB%E6%AF%92%E9%A3%8E%E6%9A%B4+%E7%94%B5%E8%A7%86%E5%89%A7&sa=fyb_teleplay_all_all&rsv_dl=fyb_teleplay_all_all"
        },
        {
            "rank": 15,
            "title": "目之所及",
            "desc": "本剧改编自阅读连载小说《盲目》,作者慕遥而寻。 世纪之交,因为水利工程的蓄水要求,一座江边小城即将被淹没,人们如火如荼地进行着新城的规划建设和人口的迁徙。此时,一桩离奇的杀夫案闯入了警方的视野,嫌疑人中,一个是咬定丈夫杀了女儿的可怜女人曲桐,一个是按摩院身份模糊的盲人薛小伟, 他们相互救赎,甘愿为对方牺牲,疑点重重。警 方锲而不舍的追查,揭秘出一段尘封多年,令人唏嘘的往事。真相可能会被淹没,但终有浮出水面的一天。",
            "score": "27439",
            "score_desc": "2.74w",
            "cover": "https://fyb-2.cdn.bcebos.com/hotboard_image/3b731c9a9e809e7c694a8cc5c65d5a15",
            "url": "https://www.baidu.com/s?wd=%E7%9B%AE%E4%B9%8B%E6%89%80%E5%8F%8A+%E7%94%B5%E8%A7%86%E5%89%A7&sa=fyb_teleplay_all_all&rsv_dl=fyb_teleplay_all_all"
        },
        {
            "rank": 16,
            "title": "书卷一梦",
            "desc": "柠萌影业出品,改编自千山茶客的同名小说,尚书府嫡长女蒋阮被当成一枚棋子送入宫中,爱上温文儒雅的八皇子。谁知一朝宫变,爱人登基,府上鸡犬升天,她却成为一枚弃子,被污蔑为祸国妖女。蒋阮不甘,下定决心要报仇,却在回府之时遭遇暗杀,后借助神秘黑衣人之手才逃过一劫。从危机四伏的宅院到步步惊心的朝堂,她面对的敌人越来越多她暗暗布下陷阱,却误打误撞遇到锦英王萧韶。萧韶性情冷清,却屡次出手相助于她,两人暗生情愫,渐渐结盟,萧韶的身世之谜也随之浮出水面。此后,蒋阮千方百计阻挠八皇子的夺嫡大业,却引起了萧韶的怀疑,两人结下误会八皇子开始进行疯狂的反击行动,蒋阮的处境十分危险。复仇途中,蒋阮发现自己的身世竟和萧韶的身世之谜有关,一个大锦朝隐藏多年的秘密浮出水面此时,南疆人蠢蠢欲动,欲与宣离结为同盟。彼时,蒋阮小时候被继母种下的毒发作,萧韶带她四处求医,生死一线的时候,蒋阮得知了一个更大的秘密",
            "score": "26702",
            "score_desc": "2.67w",
            "cover": "https://gips2.baidu.com/it/u=1593831522,852391480&fm=3028&app=3028&f=JPEG&fmt=auto&q=100&size=f200_266",
            "url": "https://www.baidu.com/s?wd=%E4%B9%A6%E5%8D%B7%E4%B8%80%E6%A2%A6+%E7%94%B5%E8%A7%86%E5%89%A7&sa=fyb_teleplay_all_all&rsv_dl=fyb_teleplay_all_all"
        },
        {
            "rank": 17,
            "title": "樱桃琥珀",
            "desc": "《樱桃琥珀》要被影视化了,温柔女主学霸男主,主人公从小城到大都市,直至婚姻殿堂的女孩成长故事,由国内一线知名影视公司出品。",
            "score": "26660",
            "score_desc": "2.67w",
            "cover": "https://gips3.baidu.com/it/u=2643705168,575328711&fm=3028&app=3028&f=JPEG&fmt=auto&q=100&size=f200_266",
            "url": "https://www.baidu.com/s?wd=%E6%A8%B1%E6%A1%83%E7%90%A5%E7%8F%80+%E7%94%B5%E8%A7%86%E5%89%A7&sa=fyb_teleplay_all_all&rsv_dl=fyb_teleplay_all_all"
        },
        {
            "rank": 18,
            "title": "咒术回战第二季",
            "desc": "",
            "score": "26617",
            "score_desc": "2.66w",
            "cover": "https://fyb-2.cdn.bcebos.com/hotboard_image/7b3cfcaf3b343d45f5c16f3e47a9f946",
            "url": "https://www.baidu.com/s?wd=%E5%92%92%E6%9C%AF%E5%9B%9E%E6%88%98%E7%AC%AC%E4%BA%8C%E5%AD%A3+%E7%94%B5%E8%A7%86%E5%89%A7&sa=fyb_teleplay_all_all&rsv_dl=fyb_teleplay_all_all"
        },
        {
            "rank": 19,
            "title": "偷偷藏不住",
            "desc": "桑稚高中时期被老师频繁请家长,为了解决麻烦,桑稚决定找哥哥顶包,然而兄妹见面就互怼闹僵,无奈只好求助来家中玩耍的哥哥舍友段嘉许,在桑稚的苦求要挟下,段嘉许帮桑稚去学校见老师,两人因此结缘,段嘉许从此更是把桑稚当成自己的亲妹妹爱护。随着段嘉许大学毕业,两人分隔异地,又因为一些误会,关系疏远。直到成年后的桑稚如愿考到了段嘉许的城市,两人重逢。在日渐亲密的接触下,桑稚渐渐发现了段嘉许一直以来的压力来源,她想要保护这个一直对自己很好的大哥哥,重拾埋藏心底的暗恋。在桑稚的陪伴下,段嘉许慢慢解开心结,他真心喜欢上了长大的桑稚,一段纯真暗恋终于开出美丽的爱情花朵。",
            "score": "24655",
            "score_desc": "2.47w",
            "cover": "https://gips3.baidu.com/it/u=2216037055,3672846777&fm=3028&app=3028&f=JPEG&fmt=auto&q=75&size=f200_266",
            "url": "https://www.baidu.com/s?wd=%E5%81%B7%E5%81%B7%E8%97%8F%E4%B8%8D%E4%BD%8F+%E7%94%B5%E8%A7%86%E5%89%A7&sa=fyb_teleplay_all_all&rsv_dl=fyb_teleplay_all_all"
        },
        {
            "rank": 20,
            "title": "一路朝阳",
            "desc": "北漂女孩李慕嘉毕业后进入北京最知名的律所,靠着自己的勤奋努力从行政助理一路成为独当一面的律师,在职业巅峰切换跑道加入创业公司,大起大落最终创业成功,收获了一个家;闺蜜田蓉毕业求职未果,误打误撞成为房产中介,与北京男孩李万兵仓促结婚,在婚后职业和感情都遭受了巨大考验;表妹陈青斯坦福毕业与男友回国创业,遭遇种种挫折但找到了心之所向。从2007到2019年,三个女孩对人生的追求和希望在现实中身不由己地改变了模样,庆幸的是十年的磨砺最终还是求得了人生的向阳面,得以一路朝阳。",
            "score": "24482",
            "score_desc": "2.45w",
            "cover": "https://fyb-2.cdn.bcebos.com/hotboard_image/356088680f3a962380c8d700cf9a2826",
            "url": "https://www.baidu.com/s?wd=%E4%B8%80%E8%B7%AF%E6%9C%9D%E9%98%B3+%E7%94%B5%E8%A7%86%E5%89%A7&sa=fyb_teleplay_all_all&rsv_dl=fyb_teleplay_all_all"
        },
        {
            "rank": 21,
            "title": "她和她的他们",
            "desc": "《她和她的他们》是由徐麒丰担任总导演、王兵导演，由肖顺尧、贾青、何杜娟领衔主演，胡军特邀领衔主演，袁家欢、王大奇、蒋方婷、郑家彬、钟林煜、李琦、秦奋等主演的都市犯罪悬疑剧。该剧讲述了刑警队副队长赵熵与搭档崔山河,抽丝剥茧,一层层揭开七人之间错综复杂的情感秘密,一场场关于人性、伦理的纠葛,一出出谎言交织的虐戏逐步上演。随着真相步步逼近,赵熵也拉开了自我救赎的序幕。",
            "score": "24375",
            "score_desc": "2.44w",
            "cover": "https://fyb-2.cdn.bcebos.com/hotboard_image/6b5d1065fb78498ab26d77cd0e0c7c27",
            "url": "https://www.baidu.com/s?wd=%E5%A5%B9%E5%92%8C%E5%A5%B9%E7%9A%84%E4%BB%96%E4%BB%AC+%E7%94%B5%E8%A7%86%E5%89%A7&sa=fyb_teleplay_all_all&rsv_dl=fyb_teleplay_all_all"
        },
        {
            "rank": 22,
            "title": "卿卿日常",
            "desc": "《清穿日常》是多木木多所著网络小说，在晋江文学城、中国移动和阅读等网站连载。吃……吃喝喝那些事。反正清穿已经都穿成筛子了。清穿就是为了遇见阿哥，种种田过过日子！今天，你清穿了吗？",
            "score": "22800",
            "score_desc": "2.28w",
            "cover": "https://fyb-2.cdn.bcebos.com/hotboard_image/6caa4eb1bb38d643d7099b060d94acee",
            "url": "https://www.baidu.com/s?wd=%E5%8D%BF%E5%8D%BF%E6%97%A5%E5%B8%B8+%E7%94%B5%E8%A7%86%E5%89%A7&sa=fyb_teleplay_all_all&rsv_dl=fyb_teleplay_all_all"
        },
        {
            "rank": 23,
            "title": "初恋，稍显粗糙",
            "desc": "《初恋，稍显粗糙》是由小野花梨、风间俊介主演的电视剧，于2023年7月7日在东京电视台深夜播出。该剧改编自作者ざくざくろ的同名漫画，讲述一位轻度智力障碍女性的纯爱故事。",
            "score": "21904",
            "score_desc": "2.19w",
            "cover": "https://fyb-2.cdn.bcebos.com/hotboard_image/e4c672a71dfa478102360895a77b4108",
            "url": "https://www.baidu.com/s?wd=%E5%88%9D%E6%81%8B%EF%BC%8C%E7%A8%8D%E6%98%BE%E7%B2%97%E7%B3%99+%E7%94%B5%E8%A7%86%E5%89%A7&sa=fyb_teleplay_all_all&rsv_dl=fyb_teleplay_all_all"
        },
        {
            "rank": 24,
            "title": "九重紫",
            "desc": "年少失母的窦昭因为家庭变故和坎坷波折的命运对人间情爱与亲情失望透顶,她斗继母、保家产,避居冷僻田庄,求学晓事以图自保自强。大雨之夜,窦昭与扮作商贾投宿的宋墨在田庄相逢,用自己的智慧帮其保下平寇有功的定国公一脉遗孤,二人命运也因此紧紧缠绕。出身官宦之家的宋墨深陷家变谜团,而窦昭也在继母的破坏下遭遇换亲流言,二人选择成亲以结同盟、共度困局。曾经彼此猜忌的他们在相互帮扶中共渡难关,也由此渐渐相知相惜、互为知己。不料风雨欲来、朝堂骤变,窦昭与宋墨携手面对危局,共同挽救家族命运、解开英国公府换子疑云、成功阻止辽王谋逆,平忠臣冤案、保家国安宁,活出了真正属于自己的幸福生活。",
            "score": "21717",
            "score_desc": "2.17w",
            "cover": "https://gips3.baidu.com/it/u=1237661084,451511578&fm=3028&app=3028&f=JPEG&fmt=auto&q=75&size=f200_266",
            "url": "https://www.baidu.com/s?wd=%E4%B9%9D%E9%87%8D%E7%B4%AB+%E7%94%B5%E8%A7%86%E5%89%A7&sa=fyb_teleplay_all_all&rsv_dl=fyb_teleplay_all_all"
        },
        {
            "rank": 25,
            "title": "香港人在北京",
            "desc": "《香港人在北京》是由陈展鹏、吴若希、戴祖仪主演的TVB电视剧，在拍摄中。",
            "score": "21238",
            "score_desc": "2.12w",
            "cover": "https://fyb-2.cdn.bcebos.com/hotboard_image/2e5f4d3fe3b36a7d9f4f782c35979016",
            "url": "https://www.baidu.com/s?wd=%E9%A6%99%E6%B8%AF%E4%BA%BA%E5%9C%A8%E5%8C%97%E4%BA%AC+%E7%94%B5%E8%A7%86%E5%89%A7&sa=fyb_teleplay_all_all&rsv_dl=fyb_teleplay_all_all"
        },
        {
            "rank": 26,
            "title": "你好，我们是欢喜天团",
            "desc": "《你好，我们是欢喜天团》是由刘浩南执导，由王艺瑾、千喆、高卿尘领衔主演，易恒、伍雅露、阿克朱力、曹左、贵尚奇、庄逸涵、曲梦婷主演，陈名豪、代少冬特别出演的古代网络微短剧。2022年10月15日，《你好，我们是欢喜天团》杀青。该剧于2023年9月22日在腾讯视频播出。",
            "score": "20966",
            "score_desc": "2.1w",
            "cover": "https://fyb-2.cdn.bcebos.com/hotboard_image/94e45c218022c97e865f68c3a15c9c22",
            "url": "https://www.baidu.com/s?wd=%E4%BD%A0%E5%A5%BD%EF%BC%8C%E6%88%91%E4%BB%AC%E6%98%AF%E6%AC%A2%E5%96%9C%E5%A4%A9%E5%9B%A2+%E7%94%B5%E8%A7%86%E5%89%A7&sa=fyb_teleplay_all_all&rsv_dl=fyb_teleplay_all_all"
        },
        {
            "rank": 27,
            "title": "诛仙",
            "desc": "一夜间惨变孤儿的张小凡被青云门收为弟子，经过五年刻苦修炼，他在师门七脉会武上大放异彩，后被派往空桑山打探魔教行迹，旅程中，他与师姐陆雪琪遭遇危难，并结识救护了魔教女子碧瑶，同时，新的危险也在前方等待着他。",
            "score": "20659",
            "score_desc": "2.07w",
            "cover": "https://fyb-2.cdn.bcebos.com/hotboard_image/ab55434dff2e8c4432119fc980f5a51d",
            "url": "https://www.baidu.com/s?wd=%E8%AF%9B%E4%BB%99+%E7%94%B5%E8%A7%86%E5%89%A7&sa=fyb_teleplay_all_all&rsv_dl=fyb_teleplay_all_all"
        },
        {
            "rank": 28,
            "title": "玫瑰的故事",
            "desc": "电视剧改编自亦舒同名小说,由刘亦菲出演该剧女一号。剧中主要讲述了黄玫瑰一生的情感故事。出身于富贵之家的玫瑰经历了几段刻骨铭心的爱情,在浮浮沉沉中明白自己想要的是什么,为爱放手去追寻,成长为更有勇气的自己。",
            "score": "20439",
            "score_desc": "2.04w",
            "cover": "https://gips1.baidu.com/it/u=1227308879,4121027510&fm=3028&app=3028&f=PNG&fmt=auto&q=75&size=f608_864",
            "url": "https://www.baidu.com/s?wd=%E7%8E%AB%E7%91%B0%E7%9A%84%E6%95%85%E4%BA%8B+%E7%94%B5%E8%A7%86%E5%89%A7&sa=fyb_teleplay_all_all&rsv_dl=fyb_teleplay_all_all"
        },
        {
            "rank": 29,
            "title": "爱你，是我做过最好的事",
            "desc": "《爱你，是我做过最好的事》笙离的小说。讲述了一个关于青春、成长、初恋、选择的故事。",
            "score": "20196",
            "score_desc": "2.02w",
            "cover": "https://fyb-2.cdn.bcebos.com/hotboard_image/d680ad814edfef5438f7e6175c0456f6",
            "url": "https://www.baidu.com/s?wd=%E7%88%B1%E4%BD%A0%EF%BC%8C%E6%98%AF%E6%88%91%E5%81%9A%E8%BF%87%E6%9C%80%E5%A5%BD%E7%9A%84%E4%BA%8B+%E7%94%B5%E8%A7%86%E5%89%A7&sa=fyb_teleplay_all_all&rsv_dl=fyb_teleplay_all_all"
        },
        {
            "rank": 30,
            "title": "唐朝诡事录",
            "desc": "暗夜邪仙从天而降,鬼市地宫露出冰山一角,而风靡长安的诡异红茶究竟是养生之药还是害人之物?长安城里新娘失踪案接连发生,似乎与红茶有着千丝万缕的联系案件扑朔迷离,人心玄妙难鉴!金吾卫中郎将卢凌风奉命查案,遭遇平生最强对手狄仁杰关门弟子苏无名,双强携手共破长安奇案!九个不同风格的诡异案件,《长安红茶》《石桥图》《众生堂》《黄梅杀》《甘棠驿怪谈》《鼍神》《人面花》《参天楼》,一一为您揭晓大唐夜色笼罩之下的奇闻异录! 见证唐诗之外,被湮没千年的奇诡想象。千年前的唐朝,万邦来朝,是当之无愧的世界中心。优越的物质生活,多样的文化融合,催生了唐朝人极致的想象力。 除了李白、杜甫、白居易等一代传奇诗人,用唐诗描绘出的华丽的大唐美卷;市井间的贩夫走卒,更用他们更加不羁的想象力,在唐朝的夜幕中 勾勒出神魔鬼怪的憧憧魅影:仙魔精妖、奇闻怪谈、幻术道法、异域传说、珍禽异兽、宫廷轶事",
            "score": "17785",
            "score_desc": "1.78w",
            "cover": "https://fyb-2.cdn.bcebos.com/hotboard_image/5bb62453122a1d67e077b70321676175",
            "url": "https://www.baidu.com/s?wd=%E5%94%90%E6%9C%9D%E8%AF%A1%E4%BA%8B%E5%BD%95+%E7%94%B5%E8%A7%86%E5%89%A7&sa=fyb_teleplay_all_all&rsv_dl=fyb_teleplay_all_all"
        }
    ]
}