{
  "code": 200,
  "message": "获取成功。数据来自官方/权威源头，以确保稳定与实时。开源地址 https://github.com/vikiboss/60s，反馈群 595941841",
  "data": {
    "title": "实时大盘",
    "show_count_desc": "35.4万",
    "view_count_desc": "73.2万",
    "split_box_office": "2669.5",
    "split_box_office_unit": "万",
    "box_office": "2669.5",
    "box_office_unit": "万",
    "update_gap_second": 5,
    "updated": "2025-09-26 08:02:00",
    "updated_at": 1758873720693,
    "list": [
      {
        "movie_id": 1207331,
        "movie_name": "731",
        "release_info": "上映9天",
        "box_office": "1791.41",
        "box_office_unit": "万",
        "box_office_desc": "1791.41万",
        "box_office_rate": "67.1%",
        "split_box_office": "1686.17",
        "split_box_office_unit": "万",
        "split_box_office_desc": "1686.17万",
        "split_box_office_rate": "67.2%",
        "show_count": 206074,
        "show_count_rate": "58.2%",
        "avg_show_view": "2.4",
        "avg_seat_view": "1.7%",
        "sum_box_desc": "13.86亿",
        "sum_split_box_desc": "12.59亿"
      },
      {
        "movie_id": 1505571,
        "movie_name": "捕风追影",
        "release_info": "上映42天",
        "box_office": "226.43",
        "box_office_unit": "万",
        "box_office_desc": "226.43万",
        "box_office_rate": "8.4%",
        "split_box_office": "202.53",
        "split_box_office_unit": "万",
        "split_box_office_desc": "202.53万",
        "split_box_office_rate": "8.0%",
        "show_count": 44432,
        "show_count_rate": "12.5%",
        "avg_show_view": "1.4",
        "avg_seat_view": "1.3%",
        "sum_box_desc": "12.06亿",
        "sum_split_box_desc": "10.71亿"
      },
      {
        "movie_id": 1531082,
        "movie_name": "窗外是蓝星",
        "release_info": "上映22天",
        "box_office": "102.39",
        "box_office_unit": "万",
        "box_office_desc": "102.39万",
        "box_office_rate": "3.8%",
        "split_box_office": "100.65",
        "split_box_office_unit": "万",
        "split_box_office_desc": "100.65万",
        "split_box_office_rate": "4.0%",
        "show_count": 5681,
        "show_count_rate": "1.6%",
        "avg_show_view": "5.0",
        "avg_seat_view": "4.7%",
        "sum_box_desc": "3807.1万",
        "sum_split_box_desc": "3634.0万"
      },
      {
        "movie_id": 1515448,
        "movie_name": "浪浪山小妖怪",
        "release_info": "上映56天",
        "box_office": "88.95",
        "box_office_unit": "万",
        "box_office_desc": "88.95万",
        "box_office_rate": "3.3%",
        "split_box_office": "78.92",
        "split_box_office_unit": "万",
        "split_box_office_desc": "78.92万",
        "split_box_office_rate": "3.1%",
        "show_count": 28121,
        "show_count_rate": "7.9%",
        "avg_show_view": "0.9",
        "avg_seat_view": "0.8%",
        "sum_box_desc": "16.41亿",
        "sum_split_box_desc": "14.66亿"
      },
      {
        "movie_id": 1522657,
        "movie_name": "南京照相馆",
        "release_info": "上映64天",
        "box_office": "82.47",
        "box_office_unit": "万",
        "box_office_desc": "82.47万",
        "box_office_rate": "3.0%",
        "split_box_office": "77.50",
        "split_box_office_unit": "万",
        "split_box_office_desc": "77.50万",
        "split_box_office_rate": "3.0%",
        "show_count": 19778,
        "show_count_rate": "5.5%",
        "avg_show_view": "1.2",
        "avg_seat_view": "1.2%",
        "sum_box_desc": "30.03亿",
        "sum_split_box_desc": "26.94亿"
      },
      {
        "movie_id": 1547369,
        "movie_name": "红丝绸",
        "release_info": "上映21天",
        "box_office": "60.55",
        "box_office_unit": "万",
        "box_office_desc": "60.55万",
        "box_office_rate": "2.2%",
        "split_box_office": "60.35",
        "split_box_office_unit": "万",
        "split_box_office_desc": "60.35万",
        "split_box_office_rate": "2.4%",
        "show_count": 313,
        "show_count_rate": "\u003C0.1%",
        "avg_show_view": "50.9",
        "avg_seat_view": "46.8%",
        "sum_box_desc": "1114.9万",
        "sum_split_box_desc": "1095.2万"
      },
      {
        "movie_id": 1536837,
        "movie_name": "营救飞虎",
        "release_info": "上映24天",
        "box_office": "35.54",
        "box_office_unit": "万",
        "box_office_desc": "35.54万",
        "box_office_rate": "1.3%",
        "split_box_office": "35.42",
        "split_box_office_unit": "万",
        "split_box_office_desc": "35.42万",
        "split_box_office_rate": "1.4%",
        "show_count": 257,
        "show_count_rate": "\u003C0.1%",
        "avg_show_view": "32.9",
        "avg_seat_view": "32.4%",
        "sum_box_desc": "2456.3万",
        "sum_split_box_desc": "2431.0万"
      },
      {
        "movie_id": 1298226,
        "movie_name": "死神来了：血脉诅咒",
        "release_info": "上映36天",
        "box_office": "31.42",
        "box_office_unit": "万",
        "box_office_desc": "31.42万",
        "box_office_rate": "1.1%",
        "split_box_office": "27.59",
        "split_box_office_unit": "万",
        "split_box_office_desc": "27.59万",
        "split_box_office_rate": "1.1%",
        "show_count": 9723,
        "show_count_rate": "2.7%",
        "avg_show_view": "0.8",
        "avg_seat_view": "0.8%",
        "sum_box_desc": "1.91亿",
        "sum_split_box_desc": "1.69亿"
      },
      {
        "movie_id": 1523743,
        "movie_name": "坏蛋联盟2",
        "release_info": "上映42天",
        "box_office": "28.70",
        "box_office_unit": "万",
        "box_office_desc": "28.70万",
        "box_office_rate": "1.0%",
        "split_box_office": "27.49",
        "split_box_office_unit": "万",
        "split_box_office_desc": "27.49万",
        "split_box_office_rate": "1.0%",
        "show_count": 4622,
        "show_count_rate": "1.3%",
        "avg_show_view": "1.2",
        "avg_seat_view": "1.3%",
        "sum_box_desc": "1.98亿",
        "sum_split_box_desc": "1.78亿"
      },
      {
        "movie_id": 1499675,
        "movie_name": "毕正明的证明",
        "release_info": "点映",
        "box_office": "25.80",
        "box_office_unit": "万",
        "box_office_desc": "25.80万",
        "box_office_rate": "0.9%",
        "split_box_office": "25.59",
        "split_box_office_unit": "万",
        "split_box_office_desc": "25.59万",
        "split_box_office_rate": "1.0%",
        "show_count": 28,
        "show_count_rate": "\u003C0.1%",
        "avg_show_view": "157.6",
        "avg_seat_view": "100.0%",
        "sum_box_desc": "25.8万",
        "sum_split_box_desc": "25.5万"
      },
      {
        "movie_id": 1572273,
        "movie_name": "山河为证",
        "release_info": "上映43天",
        "box_office": "24.89",
        "box_office_unit": "万",
        "box_office_desc": "24.89万",
        "box_office_rate": "0.9%",
        "split_box_office": "24.88",
        "split_box_office_unit": "万",
        "split_box_office_desc": "24.88万",
        "split_box_office_rate": "0.9%",
        "show_count": 126,
        "show_count_rate": "\u003C0.1%",
        "avg_show_view": "44.3",
        "avg_seat_view": "37.1%",
        "sum_box_desc": "2904.6万",
        "sum_split_box_desc": "2894.9万"
      },
      {
        "movie_id": 1250679,
        "movie_name": "洛桑的家事",
        "release_info": "上映16天",
        "box_office": "20.09",
        "box_office_unit": "万",
        "box_office_desc": "20.09万",
        "box_office_rate": "0.7%",
        "split_box_office": "20.08",
        "split_box_office_unit": "万",
        "split_box_office_desc": "20.08万",
        "split_box_office_rate": "0.8%",
        "show_count": 167,
        "show_count_rate": "\u003C0.1%",
        "avg_show_view": "22.4",
        "avg_seat_view": "20.7%",
        "sum_box_desc": "519.8万",
        "sum_split_box_desc": "517.7万"
      },
      {
        "movie_id": 1542730,
        "movie_name": "奇遇",
        "release_info": "上映50天",
        "box_office": "16.11",
        "box_office_unit": "万",
        "box_office_desc": "16.11万",
        "box_office_rate": "0.6%",
        "split_box_office": "13.96",
        "split_box_office_unit": "万",
        "split_box_office_desc": "13.96万",
        "split_box_office_rate": "0.5%",
        "show_count": 4473,
        "show_count_rate": "1.2%",
        "avg_show_view": "1.1",
        "avg_seat_view": "1.3%",
        "sum_box_desc": "1.86亿",
        "sum_split_box_desc": "1.63亿"
      },
      {
        "movie_id": 1500636,
        "movie_name": "罗小黑战记2",
        "release_info": "上映71天",
        "box_office": "15.94",
        "box_office_unit": "万",
        "box_office_desc": "15.94万",
        "box_office_rate": "0.5%",
        "split_box_office": "14.14",
        "split_box_office_unit": "万",
        "split_box_office_desc": "14.14万",
        "split_box_office_rate": "0.5%",
        "show_count": 3761,
        "show_count_rate": "1.0%",
        "avg_show_view": "1.1",
        "avg_seat_view": "1.2%",
        "sum_box_desc": "5.21亿",
        "sum_split_box_desc": "4.64亿"
      },
      {
        "movie_id": 1489329,
        "movie_name": "浪浪人生",
        "release_info": "点映",
        "box_office": "15.34",
        "box_office_unit": "万",
        "box_office_desc": "15.34万",
        "box_office_rate": "0.5%",
        "split_box_office": "15.34",
        "split_box_office_unit": "万",
        "split_box_office_desc": "15.34万",
        "split_box_office_rate": "0.6%",
        "show_count": 19,
        "show_count_rate": "\u003C0.1%",
        "avg_show_view": "143.8",
        "avg_seat_view": "84.7%",
        "sum_box_desc": "69.2万",
        "sum_split_box_desc": "66.7万"
      },
      {
        "movie_id": 1454962,
        "movie_name": "F1：狂飙飞车",
        "release_info": "上映92天",
        "box_office": "13.84",
        "box_office_unit": "万",
        "box_office_desc": "13.84万",
        "box_office_rate": "0.5%",
        "split_box_office": "12.42",
        "split_box_office_unit": "万",
        "split_box_office_desc": "12.42万",
        "split_box_office_rate": "0.4%",
        "show_count": 979,
        "show_count_rate": "0.2%",
        "avg_show_view": "2.5",
        "avg_seat_view": "1.5%",
        "sum_box_desc": "4.41亿",
        "sum_split_box_desc": "3.94亿"
      },
      {
        "movie_id": 1584781,
        "movie_name": "生还",
        "release_info": "上映24天",
        "box_office": "12.97",
        "box_office_unit": "万",
        "box_office_desc": "12.97万",
        "box_office_rate": "0.4%",
        "split_box_office": "12.94",
        "split_box_office_unit": "万",
        "split_box_office_desc": "12.94万",
        "split_box_office_rate": "0.5%",
        "show_count": 115,
        "show_count_rate": "\u003C0.1%",
        "avg_show_view": "29.4",
        "avg_seat_view": "26.0%",
        "sum_box_desc": "358.2万",
        "sum_split_box_desc": "354.7万"
      },
      {
        "movie_id": 1552050,
        "movie_name": "汉斯·季默与朋友们：沙漠之钻音乐会",
        "release_info": "上映7天",
        "box_office": "9.52",
        "box_office_unit": "万",
        "box_office_desc": "9.52万",
        "box_office_rate": "0.3%",
        "split_box_office": "8.50",
        "split_box_office_unit": "万",
        "split_box_office_desc": "8.50万",
        "split_box_office_rate": "0.3%",
        "show_count": 822,
        "show_count_rate": "0.2%",
        "avg_show_view": "2.4",
        "avg_seat_view": "1.8%",
        "sum_box_desc": "181.7万",
        "sum_split_box_desc": "164.7万"
      },
      {
        "movie_id": 343898,
        "movie_name": "东极岛",
        "release_info": "上映50天",
        "box_office": "9.05",
        "box_office_unit": "万",
        "box_office_desc": "9.05万",
        "box_office_rate": "0.3%",
        "split_box_office": "8.67",
        "split_box_office_unit": "万",
        "split_box_office_desc": "8.67万",
        "split_box_office_rate": "0.3%",
        "show_count": 1837,
        "show_count_rate": "0.5%",
        "avg_show_view": "1.3",
        "avg_seat_view": "1.4%",
        "sum_box_desc": "3.96亿",
        "sum_split_box_desc": "3.54亿"
      },
      {
        "movie_id": 1520596,
        "movie_name": "轻于鸿毛",
        "release_info": "上映14天",
        "box_office": "8.85",
        "box_office_unit": "万",
        "box_office_desc": "8.85万",
        "box_office_rate": "0.3%",
        "split_box_office": "8.14",
        "split_box_office_unit": "万",
        "split_box_office_desc": "8.14万",
        "split_box_office_rate": "0.3%",
        "show_count": 4420,
        "show_count_rate": "1.2%",
        "avg_show_view": "0.5",
        "avg_seat_view": "0.6%",
        "sum_box_desc": "1479.7万",
        "sum_split_box_desc": "1325.2万"
      },
      {
        "movie_id": 431882,
        "movie_name": "新三峡",
        "release_info": "上映93天",
        "box_office": "4.82",
        "box_office_unit": "万",
        "box_office_desc": "4.82万",
        "box_office_rate": "0.1%",
        "split_box_office": "4.82",
        "split_box_office_unit": "万",
        "split_box_office_desc": "4.82万",
        "split_box_office_rate": "0.1%",
        "show_count": 12,
        "show_count_rate": "\u003C0.1%",
        "avg_show_view": "78.9",
        "avg_seat_view": "38.8%",
        "sum_box_desc": "893.9万",
        "sum_split_box_desc": "891.7万"
      },
      {
        "movie_id": 1511555,
        "movie_name": "有朵云像你",
        "release_info": "上映29天",
        "box_office": "4.78",
        "box_office_unit": "万",
        "box_office_desc": "4.78万",
        "box_office_rate": "0.1%",
        "split_box_office": "4.09",
        "split_box_office_unit": "万",
        "split_box_office_desc": "4.09万",
        "split_box_office_rate": "0.1%",
        "show_count": 2017,
        "show_count_rate": "0.5%",
        "avg_show_view": "0.7",
        "avg_seat_view": "0.8%",
        "sum_box_desc": "5131.8万",
        "sum_split_box_desc": "4540.4万"
      },
      {
        "movie_id": 1489326,
        "movie_name": "7天",
        "release_info": "上映29天",
        "box_office": "4.19",
        "box_office_unit": "万",
        "box_office_desc": "4.19万",
        "box_office_rate": "0.1%",
        "split_box_office": "4.01",
        "split_box_office_unit": "万",
        "split_box_office_desc": "4.01万",
        "split_box_office_rate": "0.1%",
        "show_count": 842,
        "show_count_rate": "0.2%",
        "avg_show_view": "1.3",
        "avg_seat_view": "1.6%",
        "sum_box_desc": "6214.2万",
        "sum_split_box_desc": "5481.7万"
      },
      {
        "movie_id": 1538211,
        "movie_name": "临时决斗",
        "release_info": "上映8天",
        "box_office": "4.04",
        "box_office_unit": "万",
        "box_office_desc": "4.04万",
        "box_office_rate": "0.1%",
        "split_box_office": "3.73",
        "split_box_office_unit": "万",
        "split_box_office_desc": "3.73万",
        "split_box_office_rate": "0.1%",
        "show_count": 1843,
        "show_count_rate": "0.5%",
        "avg_show_view": "0.6",
        "avg_seat_view": "0.6%",
        "sum_box_desc": "126.1万",
        "sum_split_box_desc": "112.0万"
      },
      {
        "movie_id": 1523868,
        "movie_name": "三国的星空第一部",
        "release_info": "点映",
        "box_office": "3.36",
        "box_office_unit": "万",
        "box_office_desc": "3.36万",
        "box_office_rate": "0.1%",
        "split_box_office": "3.19",
        "split_box_office_unit": "万",
        "split_box_office_desc": "3.19万",
        "split_box_office_rate": "0.1%",
        "show_count": 3,
        "show_count_rate": "\u003C0.1%",
        "avg_show_view": "261.0",
        "avg_seat_view": "94.6%",
        "sum_box_desc": "13.8万",
        "sum_split_box_desc": "13.6万"
      },
      {
        "movie_id": 1547424,
        "movie_name": "关于约会的一切",
        "release_info": "上映22天",
        "box_office": "3.15",
        "box_office_unit": "万",
        "box_office_desc": "3.15万",
        "box_office_rate": "0.1%",
        "split_box_office": "2.83",
        "split_box_office_unit": "万",
        "split_box_office_desc": "2.83万",
        "split_box_office_rate": "0.1%",
        "show_count": 441,
        "show_count_rate": "0.1%",
        "avg_show_view": "1.6",
        "avg_seat_view": "1.5%",
        "sum_box_desc": "381.5万",
        "sum_split_box_desc": "342.6万"
      },
      {
        "movie_id": 1593640,
        "movie_name": "疯狂电脑城",
        "release_info": "点映",
        "box_office": "3.07",
        "box_office_unit": "万",
        "box_office_desc": "3.07万",
        "box_office_rate": "0.1%",
        "split_box_office": "3.01",
        "split_box_office_unit": "万",
        "split_box_office_desc": "3.01万",
        "split_box_office_rate": "0.1%",
        "show_count": 10,
        "show_count_rate": "\u003C0.1%",
        "avg_show_view": "101.0",
        "avg_seat_view": "98.9%",
        "sum_box_desc": "3.0万",
        "sum_split_box_desc": "3.0万"
      },
      {
        "movie_id": 1462786,
        "movie_name": "爱心之拳",
        "release_info": "上映29天",
        "box_office": "2.84",
        "box_office_unit": "万",
        "box_office_desc": "2.84万",
        "box_office_rate": "0.1%",
        "split_box_office": "2.84",
        "split_box_office_unit": "万",
        "split_box_office_desc": "2.84万",
        "split_box_office_rate": "0.1%",
        "show_count": 14,
        "show_count_rate": "\u003C0.1%",
        "avg_show_view": "101.5",
        "avg_seat_view": "27.0%",
        "sum_box_desc": "93.6万",
        "sum_split_box_desc": "93.6万"
      },
      {
        "movie_id": 1575780,
        "movie_name": "蛟龙行动（特别版）",
        "release_info": "上映28天",
        "box_office": "2.79",
        "box_office_unit": "万",
        "box_office_desc": "2.79万",
        "box_office_rate": "0.1%",
        "split_box_office": "2.69",
        "split_box_office_unit": "万",
        "split_box_office_desc": "2.69万",
        "split_box_office_rate": "0.1%",
        "show_count": 952,
        "show_count_rate": "0.2%",
        "avg_show_view": "0.7",
        "avg_seat_view": "0.7%",
        "sum_box_desc": "2463.4万",
        "sum_split_box_desc": "2194.8万"
      },
      {
        "movie_id": 1591480,
        "movie_name": "白马姐妹",
        "release_info": "",
        "box_office": "2.09",
        "box_office_unit": "万",
        "box_office_desc": "2.09万",
        "box_office_rate": "\u003C0.1%",
        "split_box_office": "2.09",
        "split_box_office_unit": "万",
        "split_box_office_desc": "2.09万",
        "split_box_office_rate": "\u003C0.1%",
        "show_count": 2,
        "show_count_rate": "\u003C0.1%",
        "avg_show_view": "418.0",
        "avg_seat_view": "65.7%",
        "sum_box_desc": "2.0万",
        "sum_split_box_desc": "2.0万"
      },
      {
        "movie_id": 1519217,
        "movie_name": "坪石先生",
        "release_info": "上映43天",
        "box_office": "1.76",
        "box_office_unit": "万",
        "box_office_desc": "1.76万",
        "box_office_rate": "\u003C0.1%",
        "split_box_office": "1.76",
        "split_box_office_unit": "万",
        "split_box_office_desc": "1.76万",
        "split_box_office_rate": "\u003C0.1%",
        "show_count": 11,
        "show_count_rate": "\u003C0.1%",
        "avg_show_view": "61.4",
        "avg_seat_view": "84.2%",
        "sum_box_desc": "233.0万",
        "sum_split_box_desc": "228.0万"
      },
      {
        "movie_id": 1499719,
        "movie_name": "只此青绿",
        "release_info": "",
        "box_office": "1.66",
        "box_office_unit": "万",
        "box_office_desc": "1.66万",
        "box_office_rate": "\u003C0.1%",
        "split_box_office": "1.44",
        "split_box_office_unit": "万",
        "split_box_office_desc": "1.44万",
        "split_box_office_rate": "\u003C0.1%",
        "show_count": 823,
        "show_count_rate": "0.2%",
        "avg_show_view": "0.7",
        "avg_seat_view": "0.6%",
        "sum_box_desc": "5318.8万",
        "sum_split_box_desc": "4830.5万"
      },
      {
        "movie_id": 1496400,
        "movie_name": "天大的事",
        "release_info": "上映12天",
        "box_office": "1.29",
        "box_office_unit": "万",
        "box_office_desc": "1.29万",
        "box_office_rate": "\u003C0.1%",
        "split_box_office": "1.18",
        "split_box_office_unit": "万",
        "split_box_office_desc": "1.18万",
        "split_box_office_rate": "\u003C0.1%",
        "show_count": 4936,
        "show_count_rate": "1.3%",
        "avg_show_view": "\u003C0.1",
        "avg_seat_view": "0.0%",
        "sum_box_desc": "31.4万",
        "sum_split_box_desc": "28.4万"
      },
      {
        "movie_id": 1461072,
        "movie_name": "长空之王",
        "release_info": "",
        "box_office": "1.15",
        "box_office_unit": "万",
        "box_office_desc": "1.15万",
        "box_office_rate": "\u003C0.1%",
        "split_box_office": "1.09",
        "split_box_office_unit": "万",
        "split_box_office_desc": "1.09万",
        "split_box_office_rate": "\u003C0.1%",
        "show_count": 70,
        "show_count_rate": "\u003C0.1%",
        "avg_show_view": "4.4",
        "avg_seat_view": "5.7%",
        "sum_box_desc": "8.54亿",
        "sum_split_box_desc": "7.85亿"
      },
      {
        "movie_id": 1522287,
        "movie_name": "长安的荔枝",
        "release_info": "上映71天",
        "box_office": "1.10",
        "box_office_unit": "万",
        "box_office_desc": "1.10万",
        "box_office_rate": "\u003C0.1%",
        "split_box_office": "0.97",
        "split_box_office_unit": "万",
        "split_box_office_desc": "0.97万",
        "split_box_office_rate": "\u003C0.1%",
        "show_count": 397,
        "show_count_rate": "0.1%",
        "avg_show_view": "0.8",
        "avg_seat_view": "1.0%",
        "sum_box_desc": "6.90亿",
        "sum_split_box_desc": "6.15亿"
      },
      {
        "movie_id": 1562636,
        "movie_name": "爱的暂停键",
        "release_info": "上映22天",
        "box_office": "1.06",
        "box_office_unit": "万",
        "box_office_desc": "1.06万",
        "box_office_rate": "\u003C0.1%",
        "split_box_office": "0.94",
        "split_box_office_unit": "万",
        "split_box_office_desc": "0.94万",
        "split_box_office_rate": "\u003C0.1%",
        "show_count": 182,
        "show_count_rate": "\u003C0.1%",
        "avg_show_view": "1.3",
        "avg_seat_view": "1.5%",
        "sum_box_desc": "140.4万",
        "sum_split_box_desc": "125.1万"
      },
      {
        "movie_id": 1592162,
        "movie_name": "地球脉动：万物有道",
        "release_info": "上映15天",
        "box_office": "0.97",
        "box_office_unit": "万",
        "box_office_desc": "0.97万",
        "box_office_rate": "\u003C0.1%",
        "split_box_office": "0.88",
        "split_box_office_unit": "万",
        "split_box_office_desc": "0.88万",
        "split_box_office_rate": "\u003C0.1%",
        "show_count": 288,
        "show_count_rate": "\u003C0.1%",
        "avg_show_view": "0.8",
        "avg_seat_view": "0.7%",
        "sum_box_desc": "43.4万",
        "sum_split_box_desc": "39.2万"
      },
      {
        "movie_id": 1498162,
        "movie_name": "午夜怪谈2",
        "release_info": "上映15天",
        "box_office": "0.97",
        "box_office_unit": "万",
        "box_office_desc": "0.97万",
        "box_office_rate": "\u003C0.1%",
        "split_box_office": "0.87",
        "split_box_office_unit": "万",
        "split_box_office_desc": "0.87万",
        "split_box_office_rate": "\u003C0.1%",
        "show_count": 1792,
        "show_count_rate": "0.5%",
        "avg_show_view": "0.2",
        "avg_seat_view": "0.1%",
        "sum_box_desc": "156.3万",
        "sum_split_box_desc": "138.9万"
      },
      {
        "movie_id": 1288259,
        "movie_name": "如果悲伤可以解释",
        "release_info": "上映30天",
        "box_office": "0.82",
        "box_office_unit": "万",
        "box_office_desc": "0.82万",
        "box_office_rate": "\u003C0.1%",
        "split_box_office": "0.75",
        "split_box_office_unit": "万",
        "split_box_office_desc": "0.75万",
        "split_box_office_rate": "\u003C0.1%",
        "show_count": 2,
        "show_count_rate": "\u003C0.1%",
        "avg_show_view": "110.0",
        "avg_seat_view": "70.5%",
        "sum_box_desc": "8.6万",
        "sum_split_box_desc": "8.1万"
      },
      {
        "movie_id": 1470241,
        "movie_name": "以法之名",
        "release_info": "",
        "box_office": "0.54",
        "box_office_unit": "万",
        "box_office_desc": "0.54万",
        "box_office_rate": "\u003C0.1%",
        "split_box_office": "0.54",
        "split_box_office_unit": "万",
        "split_box_office_desc": "0.54万",
        "split_box_office_rate": "\u003C0.1%",
        "show_count": 9,
        "show_count_rate": "\u003C0.1%",
        "avg_show_view": "25.1",
        "avg_seat_view": "29.6%",
        "sum_box_desc": "93.9万",
        "sum_split_box_desc": "93.8万"
      },
      {
        "movie_id": 1435060,
        "movie_name": "夏雨来",
        "release_info": "上映42天",
        "box_office": "0.50",
        "box_office_unit": "万",
        "box_office_desc": "0.50万",
        "box_office_rate": "\u003C0.1%",
        "split_box_office": "0.45",
        "split_box_office_unit": "万",
        "split_box_office_desc": "0.45万",
        "split_box_office_rate": "\u003C0.1%",
        "show_count": 207,
        "show_count_rate": "\u003C0.1%",
        "avg_show_view": "0.8",
        "avg_seat_view": "0.8%",
        "sum_box_desc": "2784.3万",
        "sum_split_box_desc": "2498.7万"
      },
      {
        "movie_id": 1395730,
        "movie_name": "老墙",
        "release_info": "",
        "box_office": "0.49",
        "box_office_unit": "万",
        "box_office_desc": "0.49万",
        "box_office_rate": "\u003C0.1%",
        "split_box_office": "0.49",
        "split_box_office_unit": "万",
        "split_box_office_desc": "0.49万",
        "split_box_office_rate": "\u003C0.1%",
        "show_count": 10,
        "show_count_rate": "\u003C0.1%",
        "avg_show_view": "16.5",
        "avg_seat_view": "11.0%",
        "sum_box_desc": "123.5万",
        "sum_split_box_desc": "121.5万"
      },
      {
        "movie_id": 1573266,
        "movie_name": "带你回家",
        "release_info": "点映",
        "box_office": "0.47",
        "box_office_unit": "万",
        "box_office_desc": "0.47万",
        "box_office_rate": "\u003C0.1%",
        "split_box_office": "0.45",
        "split_box_office_unit": "万",
        "split_box_office_desc": "0.45万",
        "split_box_office_rate": "\u003C0.1%",
        "show_count": 1,
        "show_count_rate": "\u003C0.1%",
        "avg_show_view": "131.0",
        "avg_seat_view": "100.0%",
        "sum_box_desc": "1.9万",
        "sum_split_box_desc": "1.8万"
      },
      {
        "movie_id": 1360592,
        "movie_name": "当男人恋爱时",
        "release_info": "",
        "box_office": "0.43",
        "box_office_unit": "万",
        "box_office_desc": "0.43万",
        "box_office_rate": "\u003C0.1%",
        "split_box_office": "0.37",
        "split_box_office_unit": "万",
        "split_box_office_desc": "0.37万",
        "split_box_office_rate": "\u003C0.1%",
        "show_count": 403,
        "show_count_rate": "0.1%",
        "avg_show_view": "0.3",
        "avg_seat_view": "0.2%",
        "sum_box_desc": "2.64亿",
        "sum_split_box_desc": "2.32亿"
      },
      {
        "movie_id": 1449451,
        "movie_name": "人生一世",
        "release_info": "展映",
        "box_office": "0.36",
        "box_office_unit": "万",
        "box_office_desc": "0.36万",
        "box_office_rate": "\u003C0.1%",
        "split_box_office": "0.34",
        "split_box_office_unit": "万",
        "split_box_office_desc": "0.34万",
        "split_box_office_rate": "\u003C0.1%",
        "show_count": 1,
        "show_count_rate": "\u003C0.1%",
        "avg_show_view": "68.0",
        "avg_seat_view": "68.0%",
        "sum_box_desc": "2.2万",
        "sum_split_box_desc": "2.1万"
      },
      {
        "movie_id": 1530212,
        "movie_name": "蔡伦传奇",
        "release_info": "上映首日",
        "box_office": "0.33",
        "box_office_unit": "万",
        "box_office_desc": "0.33万",
        "box_office_rate": "\u003C0.1%",
        "split_box_office": "0.33",
        "split_box_office_unit": "万",
        "split_box_office_desc": "0.33万",
        "split_box_office_rate": "\u003C0.1%",
        "show_count": 1,
        "show_count_rate": "\u003C0.1%",
        "avg_show_view": "134.0",
        "avg_seat_view": "76.5%",
        "sum_box_desc": "3352",
        "sum_split_box_desc": "3352"
      },
      {
        "movie_id": 1530145,
        "movie_name": "蜗牛回忆录",
        "release_info": "上映22天",
        "box_office": "0.28",
        "box_office_unit": "万",
        "box_office_desc": "0.28万",
        "box_office_rate": "\u003C0.1%",
        "split_box_office": "0.25",
        "split_box_office_unit": "万",
        "split_box_office_desc": "0.25万",
        "split_box_office_rate": "\u003C0.1%",
        "show_count": 88,
        "show_count_rate": "\u003C0.1%",
        "avg_show_view": "0.8",
        "avg_seat_view": "0.8%",
        "sum_box_desc": "73.8万",
        "sum_split_box_desc": "66.4万"
      },
      {
        "movie_id": 1469373,
        "movie_name": "逃离抢钱镇",
        "release_info": "上映14天",
        "box_office": "0.28",
        "box_office_unit": "万",
        "box_office_desc": "0.28万",
        "box_office_rate": "\u003C0.1%",
        "split_box_office": "0.25",
        "split_box_office_unit": "万",
        "split_box_office_desc": "0.25万",
        "split_box_office_rate": "\u003C0.1%",
        "show_count": 110,
        "show_count_rate": "\u003C0.1%",
        "avg_show_view": "0.6",
        "avg_seat_view": "0.7%",
        "sum_box_desc": "38.5万",
        "sum_split_box_desc": "34.5万"
      },
      {
        "movie_id": 1490948,
        "movie_name": "聊斋：兰若寺",
        "release_info": "上映77天",
        "box_office": "0.26",
        "box_office_unit": "万",
        "box_office_desc": "0.26万",
        "box_office_rate": "\u003C0.1%",
        "split_box_office": "0.23",
        "split_box_office_unit": "万",
        "split_box_office_desc": "0.23万",
        "split_box_office_rate": "\u003C0.1%",
        "show_count": 99,
        "show_count_rate": "\u003C0.1%",
        "avg_show_view": "0.8",
        "avg_seat_view": "0.9%",
        "sum_box_desc": "2.43亿",
        "sum_split_box_desc": "2.15亿"
      },
      {
        "movie_id": 1518617,
        "movie_name": "小鹿斑比：清算",
        "release_info": "上映21天",
        "box_office": "0.26",
        "box_office_unit": "万",
        "box_office_desc": "0.26万",
        "box_office_rate": "\u003C0.1%",
        "split_box_office": "0.23",
        "split_box_office_unit": "万",
        "split_box_office_desc": "0.23万",
        "split_box_office_rate": "\u003C0.1%",
        "show_count": 590,
        "show_count_rate": "0.1%",
        "avg_show_view": "0.1",
        "avg_seat_view": "0.1%",
        "sum_box_desc": "217.6万",
        "sum_split_box_desc": "194.5万"
      },
      {
        "movie_id": 1524059,
        "movie_name": "别把作文当回事儿",
        "release_info": "上映15天",
        "box_office": "0.25",
        "box_office_unit": "万",
        "box_office_desc": "0.25万",
        "box_office_rate": "\u003C0.1%",
        "split_box_office": "0.23",
        "split_box_office_unit": "万",
        "split_box_office_desc": "0.23万",
        "split_box_office_rate": "\u003C0.1%",
        "show_count": 2,
        "show_count_rate": "\u003C0.1%",
        "avg_show_view": "33.5",
        "avg_seat_view": "20.1%",
        "sum_box_desc": "55.8万",
        "sum_split_box_desc": "55.0万"
      },
      {
        "movie_id": 1427899,
        "movie_name": "天宝",
        "release_info": "上映79天",
        "box_office": "0.23",
        "box_office_unit": "万",
        "box_office_desc": "0.23万",
        "box_office_rate": "\u003C0.1%",
        "split_box_office": "0.23",
        "split_box_office_unit": "万",
        "split_box_office_desc": "0.23万",
        "split_box_office_rate": "\u003C0.1%",
        "show_count": 3,
        "show_count_rate": "\u003C0.1%",
        "avg_show_view": "21.3",
        "avg_seat_view": "16.9%",
        "sum_box_desc": "351.2万",
        "sum_split_box_desc": "343.0万"
      },
      {
        "movie_id": 1593298,
        "movie_name": "海洋之谜",
        "release_info": "展映",
        "box_office": "0.20",
        "box_office_unit": "万",
        "box_office_desc": "0.20万",
        "box_office_rate": "\u003C0.1%",
        "split_box_office": "0.19",
        "split_box_office_unit": "万",
        "split_box_office_desc": "0.19万",
        "split_box_office_rate": "\u003C0.1%",
        "show_count": 1,
        "show_count_rate": "\u003C0.1%",
        "avg_show_view": "41.0",
        "avg_seat_view": "12.0%",
        "sum_box_desc": "6.4万",
        "sum_split_box_desc": "6.0万"
      },
      {
        "movie_id": 1487834,
        "movie_name": "熊孩子·探险熊兵",
        "release_info": "上映14天",
        "box_office": "0.17",
        "box_office_unit": "万",
        "box_office_desc": "0.17万",
        "box_office_rate": "\u003C0.1%",
        "split_box_office": "0.16",
        "split_box_office_unit": "万",
        "split_box_office_desc": "0.16万",
        "split_box_office_rate": "\u003C0.1%",
        "show_count": 651,
        "show_count_rate": "0.1%",
        "avg_show_view": "\u003C0.1",
        "avg_seat_view": "0.0%",
        "sum_box_desc": "172.8万",
        "sum_split_box_desc": "165.3万"
      },
      {
        "movie_id": 1491476,
        "movie_name": "超人",
        "release_info": "上映78天",
        "box_office": "0.13",
        "box_office_unit": "万",
        "box_office_desc": "0.13万",
        "box_office_rate": "\u003C0.1%",
        "split_box_office": "0.12",
        "split_box_office_unit": "万",
        "split_box_office_desc": "0.12万",
        "split_box_office_rate": "\u003C0.1%",
        "show_count": 44,
        "show_count_rate": "\u003C0.1%",
        "avg_show_view": "0.5",
        "avg_seat_view": "0.5%",
        "sum_box_desc": "6392.8万",
        "sum_split_box_desc": "5729.0万"
      },
      {
        "movie_id": 1527997,
        "movie_name": "大别山久生",
        "release_info": "上映17天",
        "box_office": "0.12",
        "box_office_unit": "万",
        "box_office_desc": "0.12万",
        "box_office_rate": "\u003C0.1%",
        "split_box_office": "0.12",
        "split_box_office_unit": "万",
        "split_box_office_desc": "0.12万",
        "split_box_office_rate": "\u003C0.1%",
        "show_count": 2,
        "show_count_rate": "\u003C0.1%",
        "avg_show_view": "25.5",
        "avg_seat_view": "18.8%",
        "sum_box_desc": "3.1万",
        "sum_split_box_desc": "3.1万"
      },
      {
        "movie_id": 1528424,
        "movie_name": "午夜凶镜",
        "release_info": "上映29天",
        "box_office": "0.12",
        "box_office_unit": "万",
        "box_office_desc": "0.12万",
        "box_office_rate": "\u003C0.1%",
        "split_box_office": "0.11",
        "split_box_office_unit": "万",
        "split_box_office_desc": "0.11万",
        "split_box_office_rate": "\u003C0.1%",
        "show_count": 292,
        "show_count_rate": "\u003C0.1%",
        "avg_show_view": "0.1",
        "avg_seat_view": "0.1%",
        "sum_box_desc": "172.0万",
        "sum_split_box_desc": "152.2万"
      },
      {
        "movie_id": 1289244,
        "movie_name": "吉普赛女王",
        "release_info": "展映",
        "box_office": "0.09",
        "box_office_unit": "万",
        "box_office_desc": "0.09万",
        "box_office_rate": "\u003C0.1%",
        "split_box_office": "0.08",
        "split_box_office_unit": "万",
        "split_box_office_desc": "0.08万",
        "split_box_office_rate": "\u003C0.1%",
        "show_count": 1,
        "show_count_rate": "\u003C0.1%",
        "avg_show_view": "20.0",
        "avg_seat_view": "10.1%",
        "sum_box_desc": "6553",
        "sum_split_box_desc": "6117"
      },
      {
        "movie_id": 1509826,
        "movie_name": "伊甸",
        "release_info": "上映36天",
        "box_office": "0.08",
        "box_office_unit": "万",
        "box_office_desc": "0.08万",
        "box_office_rate": "\u003C0.1%",
        "split_box_office": "0.07",
        "split_box_office_unit": "万",
        "split_box_office_desc": "0.07万",
        "split_box_office_rate": "\u003C0.1%",
        "show_count": 15,
        "show_count_rate": "\u003C0.1%",
        "avg_show_view": "1.5",
        "avg_seat_view": "1.7%",
        "sum_box_desc": "235.0万",
        "sum_split_box_desc": "208.4万"
      },
      {
        "movie_id": 1320548,
        "movie_name": "家庭简史",
        "release_info": "上映15天",
        "box_office": "0.08",
        "box_office_unit": "万",
        "box_office_desc": "0.08万",
        "box_office_rate": "\u003C0.1%",
        "split_box_office": "0.07",
        "split_box_office_unit": "万",
        "split_box_office_desc": "0.07万",
        "split_box_office_rate": "\u003C0.1%",
        "show_count": 41,
        "show_count_rate": "\u003C0.1%",
        "avg_show_view": "0.5",
        "avg_seat_view": "0.7%",
        "sum_box_desc": "29.9万",
        "sum_split_box_desc": "28.8万"
      },
      {
        "movie_id": 1470975,
        "movie_name": "这周五的游乐场",
        "release_info": "上映8天",
        "box_office": "0.08",
        "box_office_unit": "万",
        "box_office_desc": "0.08万",
        "box_office_rate": "\u003C0.1%",
        "split_box_office": "0.07",
        "split_box_office_unit": "万",
        "split_box_office_desc": "0.07万",
        "split_box_office_rate": "\u003C0.1%",
        "show_count": 17,
        "show_count_rate": "\u003C0.1%",
        "avg_show_view": "1.3",
        "avg_seat_view": "1.5%",
        "sum_box_desc": "15.0万",
        "sum_split_box_desc": "14.7万"
      },
      {
        "movie_id": 1593302,
        "movie_name": "飓风",
        "release_info": "展映",
        "box_office": "0.07",
        "box_office_unit": "万",
        "box_office_desc": "0.07万",
        "box_office_rate": "\u003C0.1%",
        "split_box_office": "0.07",
        "split_box_office_unit": "万",
        "split_box_office_desc": "0.07万",
        "split_box_office_rate": "\u003C0.1%",
        "show_count": 1,
        "show_count_rate": "\u003C0.1%",
        "avg_show_view": "15.0",
        "avg_seat_view": "4.4%",
        "sum_box_desc": "3.3万",
        "sum_split_box_desc": "3.1万"
      },
      {
        "movie_id": 1487768,
        "movie_name": "巴扎喜事",
        "release_info": "上映36天",
        "box_office": "0.07",
        "box_office_unit": "万",
        "box_office_desc": "0.07万",
        "box_office_rate": "\u003C0.1%",
        "split_box_office": "0.07",
        "split_box_office_unit": "万",
        "split_box_office_desc": "0.07万",
        "split_box_office_rate": "\u003C0.1%",
        "show_count": 22,
        "show_count_rate": "\u003C0.1%",
        "avg_show_view": "0.8",
        "avg_seat_view": "0.9%",
        "sum_box_desc": "144.9万",
        "sum_split_box_desc": "137.1万"
      },
      {
        "movie_id": 1568020,
        "movie_name": "喜羊羊与灰太狼之异国破晓",
        "release_info": "上映63天",
        "box_office": "0.07",
        "box_office_unit": "万",
        "box_office_desc": "0.07万",
        "box_office_rate": "\u003C0.1%",
        "split_box_office": "0.06",
        "split_box_office_unit": "万",
        "split_box_office_desc": "0.06万",
        "split_box_office_rate": "\u003C0.1%",
        "show_count": 80,
        "show_count_rate": "\u003C0.1%",
        "avg_show_view": "0.3",
        "avg_seat_view": "0.2%",
        "sum_box_desc": "6206.1万",
        "sum_split_box_desc": "5555.4万"
      },
      {
        "movie_id": 1525122,
        "movie_name": "康熙与路易十四",
        "release_info": "",
        "box_office": "0.06",
        "box_office_unit": "万",
        "box_office_desc": "0.06万",
        "box_office_rate": "\u003C0.1%",
        "split_box_office": "0.05",
        "split_box_office_unit": "万",
        "split_box_office_desc": "0.05万",
        "split_box_office_rate": "\u003C0.1%",
        "show_count": 1,
        "show_count_rate": "\u003C0.1%",
        "avg_show_view": "10.0",
        "avg_seat_view": "40.0%",
        "sum_box_desc": "304.0万",
        "sum_split_box_desc": "298.6万"
      },
      {
        "movie_id": 1250604,
        "movie_name": "里斯本丸沉没",
        "release_info": "",
        "box_office": "0.05",
        "box_office_unit": "万",
        "box_office_desc": "0.05万",
        "box_office_rate": "\u003C0.1%",
        "split_box_office": "0.05",
        "split_box_office_unit": "万",
        "split_box_office_desc": "0.05万",
        "split_box_office_rate": "\u003C0.1%",
        "show_count": 30,
        "show_count_rate": "\u003C0.1%",
        "avg_show_view": "0.5",
        "avg_seat_view": "0.6%",
        "sum_box_desc": "4763.2万",
        "sum_split_box_desc": "4345.3万"
      },
      {
        "movie_id": 1432141,
        "movie_name": "戏台",
        "release_info": "上映64天",
        "box_office": "0.05",
        "box_office_unit": "万",
        "box_office_desc": "0.05万",
        "box_office_rate": "\u003C0.1%",
        "split_box_office": "0.04",
        "split_box_office_unit": "万",
        "split_box_office_desc": "0.04万",
        "split_box_office_rate": "\u003C0.1%",
        "show_count": 24,
        "show_count_rate": "\u003C0.1%",
        "avg_show_view": "0.6",
        "avg_seat_view": "0.7%",
        "sum_box_desc": "4.11亿",
        "sum_split_box_desc": "3.66亿"
      },
      {
        "movie_id": 40308,
        "movie_name": "玛丽和麦克斯",
        "release_info": "上映50天",
        "box_office": "0.04",
        "box_office_unit": "万",
        "box_office_desc": "0.04万",
        "box_office_rate": "\u003C0.1%",
        "split_box_office": "0.04",
        "split_box_office_unit": "万",
        "split_box_office_desc": "0.04万",
        "split_box_office_rate": "\u003C0.1%",
        "show_count": 10,
        "show_count_rate": "\u003C0.1%",
        "avg_show_view": "1.3",
        "avg_seat_view": "1.7%",
        "sum_box_desc": "107.1万",
        "sum_split_box_desc": "97.2万"
      },
      {
        "movie_id": 1451361,
        "movie_name": "我们的那一年",
        "release_info": "上映29天",
        "box_office": "0.04",
        "box_office_unit": "万",
        "box_office_desc": "0.04万",
        "box_office_rate": "\u003C0.1%",
        "split_box_office": "0.04",
        "split_box_office_unit": "万",
        "split_box_office_desc": "0.04万",
        "split_box_office_rate": "\u003C0.1%",
        "show_count": 1,
        "show_count_rate": "\u003C0.1%",
        "avg_show_view": "9.0",
        "avg_seat_view": "4.0%",
        "sum_box_desc": "1.5万",
        "sum_split_box_desc": "1.5万"
      },
      {
        "movie_id": 1431675,
        "movie_name": "赎梦",
        "release_info": "上映35天",
        "box_office": "0.04",
        "box_office_unit": "万",
        "box_office_desc": "0.04万",
        "box_office_rate": "\u003C0.1%",
        "split_box_office": "0.03",
        "split_box_office_unit": "万",
        "split_box_office_desc": "0.03万",
        "split_box_office_rate": "\u003C0.1%",
        "show_count": 53,
        "show_count_rate": "\u003C0.1%",
        "avg_show_view": "0.2",
        "avg_seat_view": "0.2%",
        "sum_box_desc": "561.8万",
        "sum_split_box_desc": "503.4万"
      },
      {
        "movie_id": 308316,
        "movie_name": "蜡笔小新：大人王国的反击",
        "release_info": "上映91天",
        "box_office": "0.04",
        "box_office_unit": "万",
        "box_office_desc": "0.04万",
        "box_office_rate": "\u003C0.1%",
        "split_box_office": "0.03",
        "split_box_office_unit": "万",
        "split_box_office_desc": "0.03万",
        "split_box_office_rate": "\u003C0.1%",
        "show_count": 9,
        "show_count_rate": "\u003C0.1%",
        "avg_show_view": "1.2",
        "avg_seat_view": "1.2%",
        "sum_box_desc": "6827.9万",
        "sum_split_box_desc": "6120.8万"
      },
      {
        "movie_id": 122157,
        "movie_name": "孩子王",
        "release_info": "",
        "box_office": "0.03",
        "box_office_unit": "万",
        "box_office_desc": "0.03万",
        "box_office_rate": "\u003C0.1%",
        "split_box_office": "0.03",
        "split_box_office_unit": "万",
        "split_box_office_desc": "0.03万",
        "split_box_office_rate": "\u003C0.1%",
        "show_count": 1,
        "show_count_rate": "\u003C0.1%",
        "avg_show_view": "6.0",
        "avg_seat_view": "6.0%",
        "sum_box_desc": "1.1万",
        "sum_split_box_desc": "1.0万"
      },
      {
        "movie_id": 1452520,
        "movie_name": "一生交给党",
        "release_info": "",
        "box_office": "0.03",
        "box_office_unit": "万",
        "box_office_desc": "0.03万",
        "box_office_rate": "\u003C0.1%",
        "split_box_office": "0.03",
        "split_box_office_unit": "万",
        "split_box_office_desc": "0.03万",
        "split_box_office_rate": "\u003C0.1%",
        "show_count": 4,
        "show_count_rate": "\u003C0.1%",
        "avg_show_view": "2.3",
        "avg_seat_view": "2.0%",
        "sum_box_desc": "675.7万",
        "sum_split_box_desc": "671.2万"
      },
      {
        "movie_id": 1481712,
        "movie_name": "寻找1999的月老",
        "release_info": "上映29天",
        "box_office": "0.02",
        "box_office_unit": "万",
        "box_office_desc": "0.02万",
        "box_office_rate": "\u003C0.1%",
        "split_box_office": "0.02",
        "split_box_office_unit": "万",
        "split_box_office_desc": "0.02万",
        "split_box_office_rate": "\u003C0.1%",
        "show_count": 2,
        "show_count_rate": "\u003C0.1%",
        "avg_show_view": "2.0",
        "avg_seat_view": "2.2%",
        "sum_box_desc": "52.3万",
        "sum_split_box_desc": "50.1万"
      },
      {
        "movie_id": 1552267,
        "movie_name": "山庄·惊魂",
        "release_info": "上映92天",
        "box_office": "0.02",
        "box_office_unit": "万",
        "box_office_desc": "0.02万",
        "box_office_rate": "\u003C0.1%",
        "split_box_office": "0.02",
        "split_box_office_unit": "万",
        "split_box_office_desc": "0.02万",
        "split_box_office_rate": "\u003C0.1%",
        "show_count": 3,
        "show_count_rate": "\u003C0.1%",
        "avg_show_view": "1.3",
        "avg_seat_view": "1.2%",
        "sum_box_desc": "201.5万",
        "sum_split_box_desc": "177.2万"
      },
      {
        "movie_id": 1551836,
        "movie_name": "麦克白",
        "release_info": "上映56天",
        "box_office": "0.02",
        "box_office_unit": "万",
        "box_office_desc": "0.02万",
        "box_office_rate": "\u003C0.1%",
        "split_box_office": "0.02",
        "split_box_office_unit": "万",
        "split_box_office_desc": "0.02万",
        "split_box_office_rate": "\u003C0.1%",
        "show_count": 1,
        "show_count_rate": "\u003C0.1%",
        "avg_show_view": "7.0",
        "avg_seat_view": "14.0%",
        "sum_box_desc": "37.9万",
        "sum_split_box_desc": "34.7万"
      },
      {
        "movie_id": 1302189,
        "movie_name": "零卡社团",
        "release_info": "展映",
        "box_office": "0.02",
        "box_office_unit": "万",
        "box_office_desc": "0.02万",
        "box_office_rate": "\u003C0.1%",
        "split_box_office": "0.02",
        "split_box_office_unit": "万",
        "split_box_office_desc": "0.02万",
        "split_box_office_rate": "\u003C0.1%",
        "show_count": 2,
        "show_count_rate": "\u003C0.1%",
        "avg_show_view": "1.5",
        "avg_seat_view": "1.7%",
        "sum_box_desc": "3.9万",
        "sum_split_box_desc": "3.7万"
      },
      {
        "movie_id": 1547375,
        "movie_name": "同甘共苦",
        "release_info": "展映",
        "box_office": "0.02",
        "box_office_unit": "万",
        "box_office_desc": "0.02万",
        "box_office_rate": "\u003C0.1%",
        "split_box_office": "0.01",
        "split_box_office_unit": "万",
        "split_box_office_desc": "0.01万",
        "split_box_office_rate": "\u003C0.1%",
        "show_count": 18,
        "show_count_rate": "\u003C0.1%",
        "avg_show_view": "0.3",
        "avg_seat_view": "0.2%",
        "sum_box_desc": "31.8万",
        "sum_split_box_desc": "28.4万"
      },
      {
        "movie_id": 1462651,
        "movie_name": "我们终将要和世界握手言和",
        "release_info": "上映17天",
        "box_office": "0.01",
        "box_office_unit": "万",
        "box_office_desc": "0.01万",
        "box_office_rate": "\u003C0.1%",
        "split_box_office": "0.01",
        "split_box_office_unit": "万",
        "split_box_office_desc": "0.01万",
        "split_box_office_rate": "\u003C0.1%",
        "show_count": 2,
        "show_count_rate": "\u003C0.1%",
        "avg_show_view": "2.0",
        "avg_seat_view": "1.6%",
        "sum_box_desc": "3.4万",
        "sum_split_box_desc": "3.3万"
      },
      {
        "movie_id": 1415196,
        "movie_name": "无名",
        "release_info": "",
        "box_office": "0.01",
        "box_office_unit": "万",
        "box_office_desc": "0.01万",
        "box_office_rate": "\u003C0.1%",
        "split_box_office": "0.01",
        "split_box_office_unit": "万",
        "split_box_office_desc": "0.01万",
        "split_box_office_rate": "\u003C0.1%",
        "show_count": 4,
        "show_count_rate": "\u003C0.1%",
        "avg_show_view": "1.0",
        "avg_seat_view": "1.3%",
        "sum_box_desc": "9.43亿",
        "sum_split_box_desc": "8.88亿"
      },
      {
        "movie_id": 1301793,
        "movie_name": "掬水月在手",
        "release_info": "",
        "box_office": "0.01",
        "box_office_unit": "万",
        "box_office_desc": "0.01万",
        "box_office_rate": "\u003C0.1%",
        "split_box_office": "0.01",
        "split_box_office_unit": "万",
        "split_box_office_desc": "0.01万",
        "split_box_office_rate": "\u003C0.1%",
        "show_count": 1,
        "show_count_rate": "\u003C0.1%",
        "avg_show_view": "4.0",
        "avg_seat_view": "4.0%",
        "sum_box_desc": "790.8万",
        "sum_split_box_desc": "728.3万"
      },
      {
        "movie_id": 1501764,
        "movie_name": "威风锣鼓",
        "release_info": "上映50天",
        "box_office": "0.01",
        "box_office_unit": "万",
        "box_office_desc": "0.01万",
        "box_office_rate": "\u003C0.1%",
        "split_box_office": "0.01",
        "split_box_office_unit": "万",
        "split_box_office_desc": "0.01万",
        "split_box_office_rate": "\u003C0.1%",
        "show_count": 1,
        "show_count_rate": "\u003C0.1%",
        "avg_show_view": "4.0",
        "avg_seat_view": "4.3%",
        "sum_box_desc": "1.3万",
        "sum_split_box_desc": "1.2万"
      },
      {
        "movie_id": 1187439,
        "movie_name": "侏罗纪世界3",
        "release_info": "",
        "box_office": "0.01",
        "box_office_unit": "万",
        "box_office_desc": "0.01万",
        "box_office_rate": "\u003C0.1%",
        "split_box_office": "0.01",
        "split_box_office_unit": "万",
        "split_box_office_desc": "0.01万",
        "split_box_office_rate": "\u003C0.1%",
        "show_count": 1,
        "show_count_rate": "\u003C0.1%",
        "avg_show_view": "3.0",
        "avg_seat_view": "2.7%",
        "sum_box_desc": "10.59亿",
        "sum_split_box_desc": "9.45亿"
      },
      {
        "movie_id": 1532831,
        "movie_name": "潜艇总动员：冒险岛",
        "release_info": "",
        "box_office": "0.01",
        "box_office_unit": "万",
        "box_office_desc": "0.01万",
        "box_office_rate": "\u003C0.1%",
        "split_box_office": "0.01",
        "split_box_office_unit": "万",
        "split_box_office_desc": "0.01万",
        "split_box_office_rate": "\u003C0.1%",
        "show_count": 2,
        "show_count_rate": "\u003C0.1%",
        "avg_show_view": "1.5",
        "avg_seat_view": "1.0%",
        "sum_box_desc": "1053.3万",
        "sum_split_box_desc": "1002.9万"
      },
      {
        "movie_id": 1566861,
        "movie_name": "血色牢笼",
        "release_info": "上映22天",
        "box_office": "0.01",
        "box_office_unit": "万",
        "box_office_desc": "0.01万",
        "box_office_rate": "\u003C0.1%",
        "split_box_office": "0.01",
        "split_box_office_unit": "万",
        "split_box_office_desc": "0.01万",
        "split_box_office_rate": "\u003C0.1%",
        "show_count": 8,
        "show_count_rate": "\u003C0.1%",
        "avg_show_view": "0.4",
        "avg_seat_view": "0.5%",
        "sum_box_desc": "7.2万",
        "sum_split_box_desc": "6.7万"
      },
      {
        "movie_id": 443609,
        "movie_name": "圆梦餐厅",
        "release_info": "上映50天",
        "box_office": "0.01",
        "box_office_unit": "万",
        "box_office_desc": "0.01万",
        "box_office_rate": "\u003C0.1%",
        "split_box_office": "0.01",
        "split_box_office_unit": "万",
        "split_box_office_desc": "0.01万",
        "split_box_office_rate": "\u003C0.1%",
        "show_count": 1,
        "show_count_rate": "\u003C0.1%",
        "avg_show_view": "3.0",
        "avg_seat_view": "3.3%",
        "sum_box_desc": "7.1万",
        "sum_split_box_desc": "6.8万"
      },
      {
        "movie_id": 1524039,
        "movie_name": "潍遗灯火阑珊处",
        "release_info": "上映8天",
        "box_office": "0.01",
        "box_office_unit": "万",
        "box_office_desc": "0.01万",
        "box_office_rate": "\u003C0.1%",
        "split_box_office": "0.00",
        "split_box_office_unit": "万",
        "split_box_office_desc": "0.00万",
        "split_box_office_rate": "\u003C0.1%",
        "show_count": 1,
        "show_count_rate": "\u003C0.1%",
        "avg_show_view": "3.0",
        "avg_seat_view": "6.2%",
        "sum_box_desc": "673",
        "sum_split_box_desc": "515"
      },
      {
        "movie_id": 1227946,
        "movie_name": "甜蜜恰好也三十",
        "release_info": "上映22天",
        "box_office": "0.00",
        "box_office_unit": "万",
        "box_office_desc": "0.00万",
        "box_office_rate": "\u003C0.1%",
        "split_box_office": "0.00",
        "split_box_office_unit": "万",
        "split_box_office_desc": "0.00万",
        "split_box_office_rate": "\u003C0.1%",
        "show_count": 6,
        "show_count_rate": "\u003C0.1%",
        "avg_show_view": "0.3",
        "avg_seat_view": "0.4%",
        "sum_box_desc": "10.3万",
        "sum_split_box_desc": "10.1万"
      },
      {
        "movie_id": 246386,
        "movie_name": "小王子",
        "release_info": "",
        "box_office": "0.00",
        "box_office_unit": "万",
        "box_office_desc": "0.00万",
        "box_office_rate": "\u003C0.1%",
        "split_box_office": "0.00",
        "split_box_office_unit": "万",
        "split_box_office_desc": "0.00万",
        "split_box_office_rate": "\u003C0.1%",
        "show_count": 1,
        "show_count_rate": "\u003C0.1%",
        "avg_show_view": "2.0",
        "avg_seat_view": "2.7%",
        "sum_box_desc": "1.59亿",
        "sum_split_box_desc": "1.59亿"
      },
      {
        "movie_id": 1583990,
        "movie_name": "与世界的最后一眼相遇",
        "release_info": "上映42天",
        "box_office": "0.00",
        "box_office_unit": "万",
        "box_office_desc": "0.00万",
        "box_office_rate": "\u003C0.1%",
        "split_box_office": "0.00",
        "split_box_office_unit": "万",
        "split_box_office_desc": "0.00万",
        "split_box_office_rate": "\u003C0.1%",
        "show_count": 4,
        "show_count_rate": "\u003C0.1%",
        "avg_show_view": "0.5",
        "avg_seat_view": "0.6%",
        "sum_box_desc": "75.5万",
        "sum_split_box_desc": "68.5万"
      },
      {
        "movie_id": 1581104,
        "movie_name": "生死狙杀",
        "release_info": "上映26天",
        "box_office": "0.00",
        "box_office_unit": "万",
        "box_office_desc": "0.00万",
        "box_office_rate": "\u003C0.1%",
        "split_box_office": "0.00",
        "split_box_office_unit": "万",
        "split_box_office_desc": "0.00万",
        "split_box_office_rate": "\u003C0.1%",
        "show_count": 18,
        "show_count_rate": "\u003C0.1%",
        "avg_show_view": "0.1",
        "avg_seat_view": "0.1%",
        "sum_box_desc": "1849",
        "sum_split_box_desc": "1635"
      },
      {
        "movie_id": 1547294,
        "movie_name": "翡翠城巫师",
        "release_info": "上映29天",
        "box_office": "0.00",
        "box_office_unit": "万",
        "box_office_desc": "0.00万",
        "box_office_rate": "\u003C0.1%",
        "split_box_office": "0.00",
        "split_box_office_unit": "万",
        "split_box_office_desc": "0.00万",
        "split_box_office_rate": "\u003C0.1%",
        "show_count": 7,
        "show_count_rate": "\u003C0.1%",
        "avg_show_view": "0.3",
        "avg_seat_view": "0.2%",
        "sum_box_desc": "11.7万",
        "sum_split_box_desc": "10.5万"
      },
      {
        "movie_id": 1475139,
        "movie_name": "魔法鼠乐园·神秘魔法球",
        "release_info": "上映28天",
        "box_office": "0.00",
        "box_office_unit": "万",
        "box_office_desc": "0.00万",
        "box_office_rate": "\u003C0.1%",
        "split_box_office": "0.00",
        "split_box_office_unit": "万",
        "split_box_office_desc": "0.00万",
        "split_box_office_rate": "\u003C0.1%",
        "show_count": 21,
        "show_count_rate": "\u003C0.1%",
        "avg_show_view": "\u003C0.1",
        "avg_seat_view": "0.1%",
        "sum_box_desc": "25.8万",
        "sum_split_box_desc": "22.9万"
      },
      {
        "movie_id": 78602,
        "movie_name": "侏罗纪世界",
        "release_info": "",
        "box_office": "0.00",
        "box_office_unit": "万",
        "box_office_desc": "0.00万",
        "box_office_rate": "\u003C0.1%",
        "split_box_office": "0.00",
        "split_box_office_unit": "万",
        "split_box_office_desc": "0.00万",
        "split_box_office_rate": "\u003C0.1%",
        "show_count": 1,
        "show_count_rate": "\u003C0.1%",
        "avg_show_view": "1.0",
        "avg_seat_view": "0.8%",
        "sum_box_desc": "14.18亿",
        "sum_split_box_desc": "14.18亿"
      },
      {
        "movie_id": 296020,
        "movie_name": "开国大典",
        "release_info": "",
        "box_office": "0.00",
        "box_office_unit": "万",
        "box_office_desc": "0.00万",
        "box_office_rate": "\u003C0.1%",
        "split_box_office": "0.00",
        "split_box_office_unit": "万",
        "split_box_office_desc": "0.00万",
        "split_box_office_rate": "\u003C0.1%",
        "show_count": 1,
        "show_count_rate": "\u003C0.1%",
        "avg_show_view": "1.0",
        "avg_seat_view": "1.0%",
        "sum_box_desc": "4.4万",
        "sum_split_box_desc": "4.4万"
      },
      {
        "movie_id": 246339,
        "movie_name": "平原游击队",
        "release_info": "展映",
        "box_office": "0.00",
        "box_office_unit": "万",
        "box_office_desc": "0.00万",
        "box_office_rate": "\u003C0.1%",
        "split_box_office": "0.00",
        "split_box_office_unit": "万",
        "split_box_office_desc": "0.00万",
        "split_box_office_rate": "\u003C0.1%",
        "show_count": 1,
        "show_count_rate": "\u003C0.1%",
        "avg_show_view": "1.0",
        "avg_seat_view": "2.6%",
        "sum_box_desc": "952",
        "sum_split_box_desc": "916"
      },
      {
        "movie_id": 1387874,
        "movie_name": "大突围",
        "release_info": "",
        "box_office": "0.00",
        "box_office_unit": "万",
        "box_office_desc": "0.00万",
        "box_office_rate": "\u003C0.1%",
        "split_box_office": "0.00",
        "split_box_office_unit": "万",
        "split_box_office_desc": "0.00万",
        "split_box_office_rate": "\u003C0.1%",
        "show_count": 1,
        "show_count_rate": "\u003C0.1%",
        "avg_show_view": "1.0",
        "avg_seat_view": "0.6%",
        "sum_box_desc": "1330.9万",
        "sum_split_box_desc": "1313.2万"
      }
    ]
  }
}