{
  "code": 200,
  "message": "success",
  "data": {
    "url": "https://example.com",
    "title": "示例网站标题",
    "description": "这是一个示例网站的描述信息，用于展示OG标签解析功能。",
    "image": "https://example.com/og-image.jpg",
    "site_name": "示例网站",
    "type": "website",
    "locale": "zh_CN",
    "author": "网站作者",
    "keywords": "示例,网站,OG标签,元数据",
    "favicon": "https://example.com/favicon.ico",
    "canonical_url": "https://example.com",
    "robots": "index,follow",
    "viewport": "width=device-width, initial-scale=1.0",
    "charset": "UTF-8",
    "language": "zh-CN",
    "published_time": "2024-01-01T00:00:00Z",
    "modified_time": "2024-01-15T12:30:00Z",
    "section": "技术",
    "tags": ["前端", "元数据", "SEO"],
    "twitter": {
      "card": "summary_large_image",
      "site": "@example",
      "creator": "@author",
      "title": "Twitter标题",
      "description": "Twitter描述",
      "image": "https://example.com/twitter-image.jpg"
    },
    "facebook": {
      "app_id": "123456789",
      "admins": "987654321"
    },
    "structured_data": {
      "@context": "https://schema.org",
      "@type": "WebPage",
      "name": "示例网页",
      "description": "示例网页描述",
      "url": "https://example.com"
    },
    "meta_tags": {
      "generator": "WordPress 6.0",
      "theme-color": "#000000",
      "msapplication-TileColor": "#ffffff",
      "apple-mobile-web-app-capable": "yes",
      "apple-mobile-web-app-status-bar-style": "default"
    },
    "performance": {
      "load_time": 1.25,
      "page_size": "2.3MB",
      "requests_count": 45
    },
    "seo_score": {
      "overall": 85,
      "title_score": 90,
      "description_score": 80,
      "image_score": 85,
      "structure_score": 88
    }
  },
  "timestamp": "2024-01-15T12:30:45Z",
  "request_id": "req_123456789",
  "processing_time": 0.85
}