{
  "code": 200,
  "message": "获取成功。数据来自官方/权威源头，以确保稳定与实时。开源地址 https://github.com/vikiboss/60s，反馈群 595941841",
  "data": {
    "title": "瑟沃格湖，瓦加尔岛，法罗群岛",
    "headline": "海洋上方的湖泊",
    "description": "大自然自有其奇妙之处，瑟沃格湖（Sørvágsvatn）便是其中最精彩的之一。世界湖泊日是探索法罗群岛（丹麦王国的一个自治行政区）这片视错觉的绝佳时机。这座位于沃格岛上的湖泊也被称为莱蒂斯湖（Leitisvatn），看似漂浮在海平面之上。实际上，它的海拔不到100英尺。索尔瓦格斯湖是法罗群岛最大的湖泊，面积约1.3平方英里，为Bøsdalafossur瀑布Bøsdalafossur提供水源，瀑布的湖水在那里奔腾而下，最终倾泻而入大海。",
    "main_text": "该湖位于瓦加尔岛南部，通过Bøsdalafossur瀑布与大西洋相连，形成了壮丽的“悬湖”景观。",
    "cover": "https://bing.com/th?id=OHR.FaroeLake_ZH-CN3977660997_1920x1080.jpg",
    "cover_4k": "https://bing.com/th?id=OHR.FaroeLake_ZH-CN3977660997_UHD.jpg",
    "copyright": "© Anton Petrus/Getty Images",
    "update_date": "2025-08-27 13:24:37",
    "update_date_at": 1756301077809
  }
}