{
  "code": 200,
  "message": "获取成功。数据来自官方/权威源头，以确保稳定与实时。开源地址 https://github.com/vikiboss/60s，反馈群 595941841",
  "data": {
    "title": "西游记",
    "description": "明代吴承恩创作的章回体长篇神魔小说",
    "abstract": "《西游记》又名《西游释厄传》，是中国古代第一部浪漫主义章回体长篇神魔小说。最早的《西游记》版本是明代万历二十年金陵世德堂《新刻出像官板大字西游记》，未署作者姓名。鲁迅、董作宾等人根据《淮安府志》“吴承恩《西游记》”的记载予以最终论定“吴承恩原著”。该小说主要讲述了孙悟空出世，并寻菩提祖师学艺及大闹天宫后，与猪八戒、沙僧和白龙马一同护送唐僧西天取经，于路上历经险阻，降妖除魔，渡过了九九八十一难，成功...",
    "cover": "https://bkimg.cdn.bcebos.com/pic/b7fd5266d01609248d763e43db0735fae6cd3412?x-bce-process=image/format,f_auto",
    "has_other": true,
    "link": "http://baike.baidu.com/subview/2583/5315045.htm"
  }
}